label,ssp,Angle,Length,wthickness,parasitism
Phoradendron perrotettii 1,Phoradendron perrotettii,-86.73,5.654,2.827,Parasite
Phoradendron perrotettii 1,Phoradendron perrotettii,-77.661,5.283,2.6415,Parasite
Phoradendron perrotettii 1,Phoradendron perrotettii,-99.689,6.709,3.3545,Parasite
Phoradendron perrotettii 1,Phoradendron perrotettii,-94.764,4.855,2.4275,Parasite
Phoradendron perrotettii 1,Phoradendron perrotettii,-13.134,4.969,2.4845,Parasite
Phoradendron perrotettii 1,Phoradendron perrotettii,-105.124,6.182,3.091,Parasite
Phoradendron perrotettii 1,Phoradendron perrotettii,-108.435,4.59,2.295,Parasite
Phoradendron perrotettii 1,Phoradendron perrotettii,-100.305,5.41,2.705,Parasite
Phoradendron perrotettii 1,Phoradendron perrotettii,-120.816,5.352,2.676,Parasite
Phoradendron perrotettii 1,Phoradendron perrotettii,140.492,5.958,2.979,Parasite
Phoradendron perrotettii 1,Phoradendron perrotettii,29.745,6.502,3.251,Parasite
Phoradendron perrotettii 1,Phoradendron perrotettii,-148.392,7.386,3.693,Parasite
Phoradendron perrotettii 1,Phoradendron perrotettii,-120.651,5.062,2.531,Parasite
Phoradendron perrotettii 1,Phoradendron perrotettii,55.886,6.039,3.0195,Parasite
Phoradendron perrotettii 1,Phoradendron perrotettii,-124.796,5.794,2.897,Parasite
Phoradendron perrotettii 1,Phoradendron perrotettii,-127.185,5.871,2.9355,Parasite
Phoradendron perrotettii 1,Phoradendron perrotettii,-113.629,5.634,2.817,Parasite
Phoradendron perrotettii 1,Phoradendron perrotettii,66.297,7.222,3.611,Parasite
Phoradendron perrotettii 1,Phoradendron perrotettii,-114.727,6.748,3.374,Parasite
Phoradendron perrotettii 1,Phoradendron perrotettii,-96.546,4.952,2.476,Parasite
Phoradendron perrotettii 1,Phoradendron perrotettii,-73.369,6.481,3.2405,Parasite
Phoradendron perrotettii 1,Phoradendron perrotettii,-23.429,5.273,2.6365,Parasite
Phoradendron perrotettii 1,Phoradendron perrotettii,26.03,7.718,,Parasite
Phoradendron perrotettii 1,Phoradendron perrotettii,-101.31,6.579,3.2895,Parasite
Phoradendron perrotettii 1,Phoradendron perrotettii,-36.87,5.242,2.621,Parasite
Phoradendron perrotettii 1,Phoradendron perrotettii,-98.427,5.87,2.935,Parasite
Phoradendron perrotettii 1,Phoradendron perrotettii,-111.275,6.52,3.26,Parasite
Phoradendron perrotettii 1,Phoradendron perrotettii,-90,4.256,2.128,Parasite
Phoradendron perrotettii 1,Phoradendron perrotettii,-48.229,5.545,2.7725,Parasite
Phoradendron perrotettii 1,Phoradendron perrotettii,-95.234,5.282,2.641,Parasite
Phoradendron perrotettii 2,Phoradendron perrotettii,-136.937,7.874,,Parasite
Phoradendron perrotettii 2,Phoradendron perrotettii,149.191,6.823,3.4115,Parasite
Phoradendron perrotettii 2,Phoradendron perrotettii,-116.188,5.482,2.741,Parasite
Phoradendron perrotettii 2,Phoradendron perrotettii,47.902,6.195,3.0975,Parasite
Phoradendron perrotettii 2,Phoradendron perrotettii,58.57,5.104,2.552,Parasite
Phoradendron perrotettii 2,Phoradendron perrotettii,-128.418,5.97,2.985,Parasite
Phoradendron perrotettii 2,Phoradendron perrotettii,-105.792,5.531,2.7655,Parasite
Phoradendron perrotettii 2,Phoradendron perrotettii,54.881,5.981,2.9905,Parasite
Phoradendron perrotettii 2,Phoradendron perrotettii,-136.66,5.248,2.624,Parasite
Phoradendron perrotettii 2,Phoradendron perrotettii,56.014,5.771,2.8855,Parasite
Phoradendron perrotettii 2,Phoradendron perrotettii,180,5.161,2.5805,Parasite
Phoradendron perrotettii 2,Phoradendron perrotettii,-117.553,4.184,2.092,Parasite
Phoradendron perrotettii 2,Phoradendron perrotettii,-102.995,4.304,2.152,Parasite
Phoradendron perrotettii 2,Phoradendron perrotettii,-100.713,4.049,2.0245,Parasite
Phoradendron perrotettii 2,Phoradendron perrotettii,-104.775,5.06,2.53,Parasite
Phoradendron perrotettii 2,Phoradendron perrotettii,-122.705,4.552,2.276,Parasite
Phoradendron perrotettii 2,Phoradendron perrotettii,-3.151,4.402,2.201,Parasite
Phoradendron perrotettii 2,Phoradendron perrotettii,-118.482,5.75,2.875,Parasite
Phoradendron perrotettii 2,Phoradendron perrotettii,-96.934,4.008,2.004,Parasite
Phoradendron perrotettii 2,Phoradendron perrotettii,-137.726,5.395,2.6975,Parasite
Phoradendron perrotettii 2,Phoradendron perrotettii,-27.646,5.735,2.8675,Parasite
Phoradendron perrotettii 2,Phoradendron perrotettii,-105.55,6.418,3.209,Parasite
Phoradendron perrotettii 2,Phoradendron perrotettii,-20.505,7.06,3.53,Parasite
Phoradendron perrotettii 2,Phoradendron perrotettii,-56.31,6.397,3.1985,Parasite
Phoradendron perrotettii 2,Phoradendron perrotettii,122.735,5.369,2.6845,Parasite
Phoradendron perrotettii 2,Phoradendron perrotettii,-120.426,5.892,2.946,Parasite
Phoradendron perrotettii 2,Phoradendron perrotettii,82.057,7.003,3.5015,Parasite
Phoradendron perrotettii 2,Phoradendron perrotettii,-37.569,6.613,3.3065,Parasite
Phoradendron perrotettii 2,Phoradendron perrotettii,-62.387,5.916,2.958,Parasite
Phoradendron perrotettii 2,Phoradendron perrotettii,-67.865,5.137,2.5685,Parasite
Phoradendron perrotettii 3,Phoradendron perrotettii,-2.961,4.684,2.342,Parasite
Phoradendron perrotettii 3,Phoradendron perrotettii,-129.958,3.893,1.9465,Parasite
Phoradendron perrotettii 3,Phoradendron perrotettii,-93.764,6.142,3.071,Parasite
Phoradendron perrotettii 3,Phoradendron perrotettii,-99.293,4.494,2.247,Parasite
Phoradendron perrotettii 3,Phoradendron perrotettii,-104.444,5.496,2.748,Parasite
Phoradendron perrotettii 3,Phoradendron perrotettii,-103.465,5.888,2.944,Parasite
Phoradendron perrotettii 3,Phoradendron perrotettii,-92.064,5.972,2.986,Parasite
Phoradendron perrotettii 3,Phoradendron perrotettii,-102.642,5.896,2.948,Parasite
Phoradendron perrotettii 3,Phoradendron perrotettii,-98.686,5.874,2.937,Parasite
Phoradendron perrotettii 3,Phoradendron perrotettii,82.278,4.802,2.401,Parasite
Phoradendron perrotettii 3,Phoradendron perrotettii,-91.614,5.728,2.864,Parasite
Phoradendron perrotettii 3,Phoradendron perrotettii,174.644,5.184,2.592,Parasite
Phoradendron perrotettii 3,Phoradendron perrotettii,-135.401,5.436,2.718,Parasite
Phoradendron perrotettii 3,Phoradendron perrotettii,-67.714,5.316,2.658,Parasite
Phoradendron perrotettii 3,Phoradendron perrotettii,-93.576,5.171,2.5855,Parasite
Phoradendron perrotettii 3,Phoradendron perrotettii,-17.819,4.744,2.372,Parasite
Phoradendron perrotettii 3,Phoradendron perrotettii,46.397,4.677,2.3385,Parasite
Phoradendron perrotettii 3,Phoradendron perrotettii,-12.875,5.791,2.8955,Parasite
Phoradendron perrotettii 3,Phoradendron perrotettii,-93.879,4.769,2.3845,Parasite
Phoradendron perrotettii 3,Phoradendron perrotettii,55.886,6.039,3.0195,Parasite
Phoradendron perrotettii 3,Phoradendron perrotettii,-129.806,5.039,2.5195,Parasite
Phoradendron perrotettii 3,Phoradendron perrotettii,-27.759,5.195,2.5975,Parasite
Phoradendron perrotettii 3,Phoradendron perrotettii,-121.446,6.57,3.285,Parasite
Phoradendron perrotettii 3,Phoradendron perrotettii,-122.312,5.582,2.791,Parasite
Phoradendron perrotettii 3,Phoradendron perrotettii,-122.005,4.565,2.2825,Parasite
Phoradendron perrotettii 3,Phoradendron perrotettii,-123.968,6.158,3.079,Parasite
Phoradendron perrotettii 3,Phoradendron perrotettii,-33.024,5.771,2.8855,Parasite
Phoradendron perrotettii 3,Phoradendron perrotettii,-109.385,4.617,2.3085,Parasite
Phoradendron perrotettii 3,Phoradendron perrotettii,-109.385,4.617,2.3085,Parasite
Phoradendron perrotettii 3,Phoradendron perrotettii,137.793,4.682,2.341,Parasite
Psittacanthus robustus 1,Psittacanthus robustus,-113.749,5.874,2.937,Parasite
Psittacanthus robustus 1,Psittacanthus robustus,-153.221,6.444,3.222,Parasite
Psittacanthus robustus 1,Psittacanthus robustus,-57.821,5.653,2.8265,Parasite
Psittacanthus robustus 1,Psittacanthus robustus,-130.696,7.091,3.5455,Parasite
Psittacanthus robustus 1,Psittacanthus robustus,-116.874,6.69,3.345,Parasite
Psittacanthus robustus 1,Psittacanthus robustus,-111.938,6.26,3.13,Parasite
Psittacanthus robustus 1,Psittacanthus robustus,165.964,6.318,3.159,Parasite
Psittacanthus robustus 1,Psittacanthus robustus,145.62,5.57,2.785,Parasite
Psittacanthus robustus 1,Psittacanthus robustus,-107.784,4.489,2.2445,Parasite
Psittacanthus robustus 1,Psittacanthus robustus,-130.815,7.033,3.5165,Parasite
Psittacanthus robustus 1,Psittacanthus robustus,-109.093,4.438,2.219,Parasite
Psittacanthus robustus 1,Psittacanthus robustus,-89.105,5.162,2.581,Parasite
Psittacanthus robustus 1,Psittacanthus robustus,-125.496,6.389,3.1945,Parasite
Psittacanthus robustus 1,Psittacanthus robustus,-51.267,6.616,3.308,Parasite
Psittacanthus robustus 1,Psittacanthus robustus,-131.952,6.434,3.217,Parasite
Psittacanthus robustus 1,Psittacanthus robustus,-154.312,7.07,3.535,Parasite
Psittacanthus robustus 1,Psittacanthus robustus,17.65,5.586,2.793,Parasite
Psittacanthus robustus 1,Psittacanthus robustus,160.017,5.664,2.832,Parasite
Psittacanthus robustus 1,Psittacanthus robustus,-67.38,4.194,2.097,Parasite
Psittacanthus robustus 1,Psittacanthus robustus,-148.717,4.97,2.485,Parasite
Psittacanthus robustus 1,Psittacanthus robustus,11.768,5.931,2.9655,Parasite
Psittacanthus robustus 1,Psittacanthus robustus,4.686,4.936,2.468,Parasite
Psittacanthus robustus 1,Psittacanthus robustus,-120.203,6.252,3.126,Parasite
Psittacanthus robustus 1,Psittacanthus robustus,-71.147,6.988,3.494,Parasite
Psittacanthus robustus 1,Psittacanthus robustus,-8.067,6.896,3.448,Parasite
Psittacanthus robustus 1,Psittacanthus robustus,-116.565,5.53,2.765,Parasite
Psittacanthus robustus 1,Psittacanthus robustus,-5.469,5.077,2.5385,Parasite
Psittacanthus robustus 1,Psittacanthus robustus,-58.241,5.311,2.6555,Parasite
Psittacanthus robustus 1,Psittacanthus robustus,-152.65,5.266,2.633,Parasite
Psittacanthus robustus 1,Psittacanthus robustus,-154.841,5.88,2.94,Parasite
Psittacanthus robustus 2,Psittacanthus robustus,-63.932,8.319,4.1595,Parasite
Psittacanthus robustus 2,Psittacanthus robustus,64.195,5.434,2.717,Parasite
Psittacanthus robustus 2,Psittacanthus robustus,-25.844,7.647,3.8235,Parasite
Psittacanthus robustus 2,Psittacanthus robustus,-104.845,4.616,2.308,Parasite
Psittacanthus robustus 2,Psittacanthus robustus,7.461,6.832,3.416,Parasite
Psittacanthus robustus 2,Psittacanthus robustus,-10.685,8.699,,Parasite
Psittacanthus robustus 2,Psittacanthus robustus,-160.301,4.626,2.313,Parasite
Psittacanthus robustus 2,Psittacanthus robustus,-8.326,6.683,3.3415,Parasite
Psittacanthus robustus 2,Psittacanthus robustus,-85.101,5.666,2.833,Parasite
Psittacanthus robustus 2,Psittacanthus robustus,-91.736,5.325,2.6625,Parasite
Psittacanthus robustus 2,Psittacanthus robustus,165.964,7.315,3.6575,Parasite
Psittacanthus robustus 2,Psittacanthus robustus,173.326,7.632,3.816,Parasite
Psittacanthus robustus 2,Psittacanthus robustus,178.929,5.754,2.877,Parasite
Psittacanthus robustus 2,Psittacanthus robustus,-166.483,5.751,2.8755,Parasite
Psittacanthus robustus 2,Psittacanthus robustus,-18.435,5.866,2.933,Parasite
Psittacanthus robustus 2,Psittacanthus robustus,-172.321,7.242,3.621,Parasite
Psittacanthus robustus 2,Psittacanthus robustus,-98.393,4.973,2.4865,Parasite
Psittacanthus robustus 2,Psittacanthus robustus,-39.13,6.134,3.067,Parasite
Psittacanthus robustus 2,Psittacanthus robustus,0,5.242,2.621,Parasite
Psittacanthus robustus 2,Psittacanthus robustus,16.144,6.381,3.1905,Parasite
Psittacanthus robustus 2,Psittacanthus robustus,21.105,9.855,,Parasite
Psittacanthus robustus 2,Psittacanthus robustus,-95.492,8.426,,Parasite
Psittacanthus robustus 2,Psittacanthus robustus,-23.575,4.839,2.4195,Parasite
Psittacanthus robustus 2,Psittacanthus robustus,-143.584,6.113,3.0565,Parasite
Psittacanthus robustus 2,Psittacanthus robustus,-97.989,4.642,2.321,Parasite
Psittacanthus robustus 2,Psittacanthus robustus,164.745,5.517,2.7585,Parasite
Psittacanthus robustus 2,Psittacanthus robustus,-171.617,5.163,2.5815,Parasite
Psittacanthus robustus 2,Psittacanthus robustus,-96.483,4.762,2.381,Parasite
Psittacanthus robustus 2,Psittacanthus robustus,-35.47,5.281,2.6405,Parasite
Psittacanthus robustus 2,Psittacanthus robustus,25.75,7.611,3.8055,Parasite
Psittacanthus robustus 3,Psittacanthus robustus,-90.939,4.92,2.46,Parasite
Psittacanthus robustus 3,Psittacanthus robustus,-22.479,5.062,2.531,Parasite
Psittacanthus robustus 3,Psittacanthus robustus,21.631,5.032,2.516,Parasite
Psittacanthus robustus 3,Psittacanthus robustus,-26.25,4.376,2.188,Parasite
Psittacanthus robustus 3,Psittacanthus robustus,-38.66,6.197,3.0985,Parasite
Psittacanthus robustus 3,Psittacanthus robustus,6.776,5.468,2.734,Parasite
Psittacanthus robustus 3,Psittacanthus robustus,-99.462,4.905,2.4525,Parasite
Psittacanthus robustus 3,Psittacanthus robustus,-82.674,5.692,2.846,Parasite
Psittacanthus robustus 3,Psittacanthus robustus,-159.044,8.118,4.059,Parasite
Psittacanthus robustus 3,Psittacanthus robustus,156.93,4.733,2.3665,Parasite
Psittacanthus robustus 3,Psittacanthus robustus,5.117,5.425,2.7125,Parasite
Psittacanthus robustus 3,Psittacanthus robustus,-10.008,5.569,2.7845,Parasite
Psittacanthus robustus 3,Psittacanthus robustus,-31.691,5.45,2.725,Parasite
Psittacanthus robustus 3,Psittacanthus robustus,-136.948,5.592,2.796,Parasite
Psittacanthus robustus 3,Psittacanthus robustus,163.301,4.49,2.245,Parasite
Psittacanthus robustus 3,Psittacanthus robustus,-57.414,6.189,3.0945,Parasite
Psittacanthus robustus 3,Psittacanthus robustus,-144.033,7.506,3.753,Parasite
Psittacanthus robustus 3,Psittacanthus robustus,15.819,6.706,3.353,Parasite
Psittacanthus robustus 3,Psittacanthus robustus,179.538,6.667,3.3335,Parasite
Psittacanthus robustus 3,Psittacanthus robustus,-67.166,5.542,2.771,Parasite
Psittacanthus robustus 3,Psittacanthus robustus,-84.883,7.233,3.6165,Parasite
Psittacanthus robustus 3,Psittacanthus robustus,170.882,8.821,,Parasite
Psittacanthus robustus 3,Psittacanthus robustus,-88.781,5.687,2.8435,Parasite
Psittacanthus robustus 3,Psittacanthus robustus,7.722,4.802,2.401,Parasite
Psittacanthus robustus 3,Psittacanthus robustus,-149.036,4.232,2.116,Parasite
Psittacanthus robustus 3,Psittacanthus robustus,178.768,5.001,2.5005,Parasite
Psittacanthus robustus 3,Psittacanthus robustus,10.408,5.357,2.6785,Parasite
Psittacanthus robustus 3,Psittacanthus robustus,-65.26,6.038,3.019,Parasite
Psittacanthus robustus 3,Psittacanthus robustus,-17.433,5.832,2.916,Parasite
Psittacanthus robustus 3,Psittacanthus robustus,112.218,6.185,3.0925,Parasite
Struthanthus rhynchophyllus 1,Struthanthus rhynchophyllus,-41.444,5.056,2.528,Parasite
Struthanthus rhynchophyllus 1,Struthanthus rhynchophyllus,75.336,4.46,2.23,Parasite
Struthanthus rhynchophyllus 1,Struthanthus rhynchophyllus,59.3,4.502,2.251,Parasite
Struthanthus rhynchophyllus 1,Struthanthus rhynchophyllus,-87.917,4.438,2.219,Parasite
Struthanthus rhynchophyllus 1,Struthanthus rhynchophyllus,138.93,4.992,2.496,Parasite
Struthanthus rhynchophyllus 1,Struthanthus rhynchophyllus,-90.266,4.335,2.1675,Parasite
Struthanthus rhynchophyllus 1,Struthanthus rhynchophyllus,150.068,4.606,2.303,Parasite
Struthanthus rhynchophyllus 1,Struthanthus rhynchophyllus,-109.654,5.395,2.6975,Parasite
Struthanthus rhynchophyllus 1,Struthanthus rhynchophyllus,-130.135,5.38,2.69,Parasite
Struthanthus rhynchophyllus 1,Struthanthus rhynchophyllus,-60.47,5.345,2.6725,Parasite
Struthanthus rhynchophyllus 1,Struthanthus rhynchophyllus,-1.011,4.571,2.2855,Parasite
Struthanthus rhynchophyllus 1,Struthanthus rhynchophyllus,-47.11,7.228,3.614,Parasite
Struthanthus rhynchophyllus 1,Struthanthus rhynchophyllus,-90.326,4.731,2.3655,Parasite
Struthanthus rhynchophyllus 1,Struthanthus rhynchophyllus,28.217,5.003,2.5015,Parasite
Struthanthus rhynchophyllus 1,Struthanthus rhynchophyllus,-127.064,4.75,2.375,Parasite
Struthanthus rhynchophyllus 1,Struthanthus rhynchophyllus,8.852,4.979,2.4895,Parasite
Struthanthus rhynchophyllus 1,Struthanthus rhynchophyllus,0,4.194,2.097,Parasite
Struthanthus rhynchophyllus 1,Struthanthus rhynchophyllus,-39.806,5.879,2.9395,Parasite
Struthanthus rhynchophyllus 1,Struthanthus rhynchophyllus,-107.324,6.139,3.0695,Parasite
Struthanthus rhynchophyllus 1,Struthanthus rhynchophyllus,-170.72,8.335,4.1675,Parasite
Struthanthus rhynchophyllus 1,Struthanthus rhynchophyllus,-110.519,4.908,2.454,Parasite
Struthanthus rhynchophyllus 1,Struthanthus rhynchophyllus,71.783,4.471,2.2355,Parasite
Struthanthus rhynchophyllus 1,Struthanthus rhynchophyllus,-156.286,6.283,3.1415,Parasite
Struthanthus rhynchophyllus 1,Struthanthus rhynchophyllus,77.293,5.622,2.811,Parasite
Struthanthus rhynchophyllus 1,Struthanthus rhynchophyllus,-29.358,4.935,2.4675,Parasite
Struthanthus rhynchophyllus 1,Struthanthus rhynchophyllus,-1.925,4.801,2.4005,Parasite
Struthanthus rhynchophyllus 1,Struthanthus rhynchophyllus,-59.237,5.256,2.628,Parasite
Struthanthus rhynchophyllus 1,Struthanthus rhynchophyllus,-177.936,5.972,2.986,Parasite
Struthanthus rhynchophyllus 1,Struthanthus rhynchophyllus,140.631,6.103,3.0515,Parasite
Struthanthus rhynchophyllus 1,Struthanthus rhynchophyllus,-143.358,6.081,3.0405,Parasite
Struthanthus rhynchophyllus 2,Struthanthus rhynchophyllus,17.354,8.085,4.0425,Parasite
Struthanthus rhynchophyllus 2,Struthanthus rhynchophyllus,-83.211,6.8,3.4,Parasite
Struthanthus rhynchophyllus 2,Struthanthus rhynchophyllus,-162.646,5.39,2.695,Parasite
Struthanthus rhynchophyllus 2,Struthanthus rhynchophyllus,-82.614,8.754,4.377,Parasite
Struthanthus rhynchophyllus 2,Struthanthus rhynchophyllus,0,0,,Parasite
Struthanthus rhynchophyllus 2,Struthanthus rhynchophyllus,-137.564,7.624,3.812,Parasite
Struthanthus rhynchophyllus 2,Struthanthus rhynchophyllus,-26.03,7.694,3.847,Parasite
Struthanthus rhynchophyllus 2,Struthanthus rhynchophyllus,-169.695,7.19,3.595,Parasite
Struthanthus rhynchophyllus 2,Struthanthus rhynchophyllus,-72.072,5.745,2.8725,Parasite
Struthanthus rhynchophyllus 2,Struthanthus rhynchophyllus,19.654,7.17,3.585,Parasite
Struthanthus rhynchophyllus 2,Struthanthus rhynchophyllus,0,7.074,3.537,Parasite
Struthanthus rhynchophyllus 2,Struthanthus rhynchophyllus,180,0.161,,Parasite
Struthanthus rhynchophyllus 2,Struthanthus rhynchophyllus,-132.374,6.202,3.101,Parasite
Struthanthus rhynchophyllus 2,Struthanthus rhynchophyllus,-76.149,6.044,3.022,Parasite
Struthanthus rhynchophyllus 2,Struthanthus rhynchophyllus,-132.672,6.997,3.4985,Parasite
Struthanthus rhynchophyllus 2,Struthanthus rhynchophyllus,-11.47,5.66,2.83,Parasite
Struthanthus rhynchophyllus 2,Struthanthus rhynchophyllus,-32.735,5.352,2.676,Parasite
Struthanthus rhynchophyllus 2,Struthanthus rhynchophyllus,0,0.08,,Parasite
Struthanthus rhynchophyllus 2,Struthanthus rhynchophyllus,-29.745,6.481,3.2405,Parasite
Struthanthus rhynchophyllus 2,Struthanthus rhynchophyllus,-113.009,6.375,3.1875,Parasite
Struthanthus rhynchophyllus 2,Struthanthus rhynchophyllus,-60.945,6.621,3.3105,Parasite
Struthanthus rhynchophyllus 2,Struthanthus rhynchophyllus,-61.26,5.684,2.842,Parasite
Struthanthus rhynchophyllus 2,Struthanthus rhynchophyllus,-19.231,7.322,3.661,Parasite
Struthanthus rhynchophyllus 2,Struthanthus rhynchophyllus,-154.654,5.07,2.535,Parasite
Struthanthus rhynchophyllus 2,Struthanthus rhynchophyllus,171.87,6.821,3.4105,Parasite
Struthanthus rhynchophyllus 2,Struthanthus rhynchophyllus,18.616,8.058,4.029,Parasite
Struthanthus rhynchophyllus 2,Struthanthus rhynchophyllus,-5.254,7.023,3.5115,Parasite
Struthanthus rhynchophyllus 2,Struthanthus rhynchophyllus,-144.866,7.962,3.981,Parasite
Struthanthus rhynchophyllus 2,Struthanthus rhynchophyllus,-19.047,7.143,3.5715,Parasite
Struthanthus rhynchophyllus 2,Struthanthus rhynchophyllus,-44.502,6.537,3.2685,Parasite
Struthanthus rhynchophyllus 3,Struthanthus rhynchophyllus,0,7.074,3.537,Parasite
Struthanthus rhynchophyllus 3,Struthanthus rhynchophyllus,-106.39,5.698,2.849,Parasite
Struthanthus rhynchophyllus 3,Struthanthus rhynchophyllus,-45.785,8.3,4.15,Parasite
Struthanthus rhynchophyllus 3,Struthanthus rhynchophyllus,-1.432,6.433,3.2165,Parasite
Struthanthus rhynchophyllus 3,Struthanthus rhynchophyllus,-101.889,6.243,3.1215,Parasite
Struthanthus rhynchophyllus 3,Struthanthus rhynchophyllus,-29.358,5.903,2.9515,Parasite
Struthanthus rhynchophyllus 3,Struthanthus rhynchophyllus,28.072,5.466,2.733,Parasite
Struthanthus rhynchophyllus 3,Struthanthus rhynchophyllus,23.806,5.975,2.9875,Parasite
Struthanthus rhynchophyllus 3,Struthanthus rhynchophyllus,-113.629,5.616,2.808,Parasite
Struthanthus rhynchophyllus 3,Struthanthus rhynchophyllus,-51.34,6.177,3.0885,Parasite
Struthanthus rhynchophyllus 3,Struthanthus rhynchophyllus,168.111,6.243,3.1215,Parasite
Struthanthus rhynchophyllus 3,Struthanthus rhynchophyllus,-47.726,4.78,2.39,Parasite
Struthanthus rhynchophyllus 3,Struthanthus rhynchophyllus,-29.197,6.262,3.131,Parasite
Struthanthus rhynchophyllus 3,Struthanthus rhynchophyllus,-85.486,6.128,3.064,Parasite
Struthanthus rhynchophyllus 3,Struthanthus rhynchophyllus,-122.152,6.646,3.323,Parasite
Struthanthus rhynchophyllus 3,Struthanthus rhynchophyllus,-83.29,5.504,2.752,Parasite
Struthanthus rhynchophyllus 3,Struthanthus rhynchophyllus,-8.881,5.207,2.6035,Parasite
Struthanthus rhynchophyllus 3,Struthanthus rhynchophyllus,6.009,3.072,1.536,Parasite
Struthanthus rhynchophyllus 3,Struthanthus rhynchophyllus,-117.897,6.185,3.0925,Parasite
Struthanthus rhynchophyllus 3,Struthanthus rhynchophyllus,-58.57,6.783,3.3915,Parasite
Struthanthus rhynchophyllus 3,Struthanthus rhynchophyllus,-38.884,6.403,3.2015,Parasite
Struthanthus rhynchophyllus 3,Struthanthus rhynchophyllus,27.216,6.328,3.164,Parasite
Struthanthus rhynchophyllus 3,Struthanthus rhynchophyllus,-67.011,5.763,2.8815,Parasite
Struthanthus rhynchophyllus 3,Struthanthus rhynchophyllus,-133.025,6.598,3.299,Parasite
Struthanthus rhynchophyllus 3,Struthanthus rhynchophyllus,-36.327,6.785,3.3925,Parasite
Struthanthus rhynchophyllus 3,Struthanthus rhynchophyllus,-81.027,6.185,3.0925,Parasite
Struthanthus rhynchophyllus 3,Struthanthus rhynchophyllus,10.437,6.212,3.106,Parasite
Struthanthus rhynchophyllus 3,Struthanthus rhynchophyllus,-49.236,6.156,3.078,Parasite
Struthanthus rhynchophyllus 3,Struthanthus rhynchophyllus,-61.074,6.98,3.49,Parasite
Struthanthus rhynchophyllus 3,Struthanthus rhynchophyllus,-146.725,6.154,3.077,Parasite
Tapirira guianensis 1,Tapirira guianensis,66.038,6.334,3.167,Host
Tapirira guianensis 1,Tapirira guianensis,69.955,6.332,3.166,Host
Tapirira guianensis 1,Tapirira guianensis,-102.653,8.074,4.037,Host
Tapirira guianensis 1,Tapirira guianensis,-115.292,5.394,2.697,Host
Tapirira guianensis 1,Tapirira guianensis,-107.896,5.406,2.703,Host
Tapirira guianensis 1,Tapirira guianensis,-100.437,6.212,3.106,Host
Tapirira guianensis 1,Tapirira guianensis,-97.97,8.117,4.0585,Host
Tapirira guianensis 1,Tapirira guianensis,-106.46,7.376,3.688,Host
Tapirira guianensis 1,Tapirira guianensis,-109.44,5.797,2.8985,Host
Tapirira guianensis 1,Tapirira guianensis,-85.236,5.808,2.904,Host
Tapirira guianensis 1,Tapirira guianensis,-72.582,8.593,,Host
Tapirira guianensis 1,Tapirira guianensis,-112.751,5.404,2.702,Host
Tapirira guianensis 1,Tapirira guianensis,-23.199,7.346,3.673,Host
Tapirira guianensis 1,Tapirira guianensis,-123.934,7.848,3.924,Host
Tapirira guianensis 1,Tapirira guianensis,-93.576,7.732,3.866,Host
Tapirira guianensis 1,Tapirira guianensis,-112.046,6.996,3.498,Host
Tapirira guianensis 1,Tapirira guianensis,-87.825,6.355,3.1775,Host
Tapirira guianensis 1,Tapirira guianensis,-85.914,5.641,2.8205,Host
Tapirira guianensis 1,Tapirira guianensis,-98.31,7.23,3.615,Host
Tapirira guianensis 1,Tapirira guianensis,-107.745,6.33,3.165,Host
Tapirira guianensis 1,Tapirira guianensis,-122.152,6.646,3.323,Host
Tapirira guianensis 1,Tapirira guianensis,-96.754,6.152,3.076,Host
Tapirira guianensis 1,Tapirira guianensis,-103.241,5.616,2.808,Host
Tapirira guianensis 1,Tapirira guianensis,-75.964,4.64,2.32,Host
Tapirira guianensis 1,Tapirira guianensis,-1.909,4.826,2.413,Host
Tapirira guianensis 1,Tapirira guianensis,-96.17,5.983,2.9915,Host
Tapirira guianensis 1,Tapirira guianensis,-78.69,4.919,2.4595,Host
Tapirira guianensis 1,Tapirira guianensis,10.125,4.573,2.2865,Host
Tapirira guianensis 1,Tapirira guianensis,-113.199,8.571,,Host
Tapirira guianensis 1,Tapirira guianensis,-106.39,5.698,2.849,Host
Tapirira guianensis 2,Tapirira guianensis,-90.49,6.27,3.135,Host
Tapirira guianensis 2,Tapirira guianensis,-94.259,5.051,2.5255,Host
Tapirira guianensis 2,Tapirira guianensis,-78.97,4.832,2.416,Host
Tapirira guianensis 2,Tapirira guianensis,-80.538,7.335,3.6675,Host
Tapirira guianensis 2,Tapirira guianensis,-88.373,7.077,3.5385,Host
Tapirira guianensis 2,Tapirira guianensis,-71.565,6.228,3.114,Host
Tapirira guianensis 2,Tapirira guianensis,-88.946,6.553,3.2765,Host
Tapirira guianensis 2,Tapirira guianensis,-90,5.868,2.934,Host
Tapirira guianensis 2,Tapirira guianensis,-84.753,7.911,3.9555,Host
Tapirira guianensis 2,Tapirira guianensis,-85.38,5.323,2.6615,Host
Tapirira guianensis 2,Tapirira guianensis,-98.393,6.609,3.3045,Host
Tapirira guianensis 2,Tapirira guianensis,-99.944,6.284,3.142,Host
Tapirira guianensis 2,Tapirira guianensis,-56.739,4.47,2.235,Host
Tapirira guianensis 2,Tapirira guianensis,-91.441,6.393,3.1965,Host
Tapirira guianensis 2,Tapirira guianensis,-57.665,5.185,2.5925,Host
Tapirira guianensis 2,Tapirira guianensis,-56.607,5.368,2.684,Host
Tapirira guianensis 2,Tapirira guianensis,-100.176,6.37,3.185,Host
Tapirira guianensis 2,Tapirira guianensis,-66.209,5.447,2.7235,Host
Tapirira guianensis 2,Tapirira guianensis,-102.758,5.824,2.912,Host
Tapirira guianensis 2,Tapirira guianensis,-86.424,7.732,3.866,Host
Tapirira guianensis 2,Tapirira guianensis,-94.362,6.342,3.171,Host
Tapirira guianensis 2,Tapirira guianensis,-99.071,6.458,3.229,Host
Tapirira guianensis 2,Tapirira guianensis,-77.943,8.466,,Host
Tapirira guianensis 2,Tapirira guianensis,135,0.057,,Host
Tapirira guianensis 2,Tapirira guianensis,-90,5.707,2.8535,Host
Tapirira guianensis 2,Tapirira guianensis,-68.199,6.06,3.03,Host
Tapirira guianensis 2,Tapirira guianensis,-72.518,5.352,2.676,Host
Tapirira guianensis 2,Tapirira guianensis,-73.673,5.528,2.764,Host
Tapirira guianensis 2,Tapirira guianensis,-76.884,5.668,2.834,Host
Tapirira guianensis 2,Tapirira guianensis,-95.194,5.919,2.9595,Host
Tapirira guianensis 3,Tapirira guianensis,-108.886,6.457,3.2285,Host
Tapirira guianensis 3,Tapirira guianensis,-135,6.442,3.221,Host
Tapirira guianensis 3,Tapirira guianensis,-62.063,4.004,2.002,Host
Tapirira guianensis 3,Tapirira guianensis,135.764,2.842,,Host
Tapirira guianensis 3,Tapirira guianensis,-141.203,3.507,1.7535,Host
Tapirira guianensis 3,Tapirira guianensis,-121.535,4.15,2.075,Host
Tapirira guianensis 3,Tapirira guianensis,-119.604,4.068,2.034,Host
Tapirira guianensis 3,Tapirira guianensis,62.819,3.344,1.672,Host
Tapirira guianensis 3,Tapirira guianensis,-5.572,3.311,1.6555,Host
Tapirira guianensis 3,Tapirira guianensis,70.396,6.229,3.1145,Host
Tapirira guianensis 3,Tapirira guianensis,58.213,6.715,3.3575,Host
Tapirira guianensis 3,Tapirira guianensis,-107.266,6.229,3.1145,Host
Tapirira guianensis 3,Tapirira guianensis,53.297,5.514,2.757,Host
Tapirira guianensis 3,Tapirira guianensis,-129.806,5.023,2.5115,Host
Tapirira guianensis 3,Tapirira guianensis,-135,5.229,2.6145,Host
Tapirira guianensis 3,Tapirira guianensis,35.838,5.355,2.6775,Host
Tapirira guianensis 3,Tapirira guianensis,39.588,5.424,2.712,Host
Tapirira guianensis 3,Tapirira guianensis,-123.69,5.603,2.8015,Host
Tapirira guianensis 3,Tapirira guianensis,-119.389,5.351,2.6755,Host
Tapirira guianensis 3,Tapirira guianensis,-119.501,4.68,2.34,Host
Tapirira guianensis 3,Tapirira guianensis,-65.078,5.85,2.925,Host
Tapirira guianensis 3,Tapirira guianensis,-98.13,4.547,2.2735,Host
Tapirira guianensis 3,Tapirira guianensis,33.44,5.106,2.553,Host
Tapirira guianensis 3,Tapirira guianensis,55.491,4.682,2.341,Host
Tapirira guianensis 3,Tapirira guianensis,0,0,,Host
Tapirira guianensis 3,Tapirira guianensis,-117.474,4.53,2.265,Host
Tapirira guianensis 3,Tapirira guianensis,-120.964,4.219,2.1095,Host
Tapirira guianensis 3,Tapirira guianensis,-111.477,3.513,1.7565,Host
Tapirira guianensis 3,Tapirira guianensis,50.906,3.314,1.657,Host
Tapirira guianensis 3,Tapirira guianensis,-114.528,6.067,3.0335,Host
Tipuana tipu 1,Tipuana tipu,-88.603,13.187,,Host
Tipuana tipu 1,Tipuana tipu,-107.241,9.763,4.8815,Host
Tipuana tipu 1,Tipuana tipu,-99.403,6.396,3.198,Host
Tipuana tipu 1,Tipuana tipu,-93.972,8.703,4.3515,Host
Tipuana tipu 1,Tipuana tipu,83.868,4.891,2.4455,Host
Tipuana tipu 1,Tipuana tipu,-113.282,7.22,3.61,Host
Tipuana tipu 1,Tipuana tipu,-113.86,9.141,4.5705,Host
Tipuana tipu 1,Tipuana tipu,-112.38,5.912,2.956,Host
Tipuana tipu 1,Tipuana tipu,-100.305,5.392,2.696,Host
Tipuana tipu 1,Tipuana tipu,74.745,7.332,3.666,Host
Tipuana tipu 1,Tipuana tipu,-15.018,6.825,3.4125,Host
Tipuana tipu 1,Tipuana tipu,-84.401,8.239,4.1195,Host
Tipuana tipu 1,Tipuana tipu,-23.86,9.141,4.5705,Host
Tipuana tipu 1,Tipuana tipu,-175.764,4.353,2.1765,Host
Tipuana tipu 1,Tipuana tipu,-79.695,7.19,3.595,Host
Tipuana tipu 1,Tipuana tipu,-129.289,6.855,3.4275,Host
Tipuana tipu 1,Tipuana tipu,-110.556,5.495,2.7475,Host
Tipuana tipu 1,Tipuana tipu,-106.39,5.698,2.849,Host
Tipuana tipu 1,Tipuana tipu,-18.435,4.067,2.0335,Host
Tipuana tipu 1,Tipuana tipu,-108.435,10.168,5.084,Host
Tipuana tipu 1,Tipuana tipu,-100.739,9.491,4.7455,Host
Tipuana tipu 1,Tipuana tipu,-115.796,5.357,2.6785,Host
Tipuana tipu 1,Tipuana tipu,-96.52,5.664,2.832,Host
Tipuana tipu 1,Tipuana tipu,-93.972,5.802,2.901,Host
Tipuana tipu 1,Tipuana tipu,-80.655,6.436,3.218,Host
Tipuana tipu 1,Tipuana tipu,174.806,7.103,3.5515,Host
Tipuana tipu 1,Tipuana tipu,127.999,6.529,3.2645,Host
Tipuana tipu 1,Tipuana tipu,-101.004,5.896,2.948,Host
Tipuana tipu 1,Tipuana tipu,-109.359,6.305,3.1525,Host
Tipuana tipu 1,Tipuana tipu,-103.671,6.122,3.061,Host
Tipuana tipu 2,Tipuana tipu,-90.971,9.487,4.7435,Host
Tipuana tipu 2,Tipuana tipu,-92.726,10.14,5.07,Host
Tipuana tipu 2,Tipuana tipu,-96.203,7.439,3.7195,Host
Tipuana tipu 2,Tipuana tipu,-88.172,5.04,2.52,Host
Tipuana tipu 2,Tipuana tipu,9.009,6.674,3.337,Host
Tipuana tipu 2,Tipuana tipu,-158.051,5.807,2.9035,Host
Tipuana tipu 2,Tipuana tipu,-1.577,5.844,2.922,Host
Tipuana tipu 2,Tipuana tipu,5.057,6.079,3.0395,Host
Tipuana tipu 2,Tipuana tipu,-86.186,4.834,2.417,Host
Tipuana tipu 2,Tipuana tipu,179.145,5.386,2.693,Host
Tipuana tipu 2,Tipuana tipu,-177.739,6.114,3.057,Host
Tipuana tipu 2,Tipuana tipu,-173.157,6.072,3.036,Host
Tipuana tipu 2,Tipuana tipu,173.66,1.456,,Host
Tipuana tipu 2,Tipuana tipu,-167.471,1.482,,Host
Tipuana tipu 2,Tipuana tipu,-80.727,7.982,3.991,Host
Tipuana tipu 2,Tipuana tipu,-87.455,7.242,3.621,Host
Tipuana tipu 2,Tipuana tipu,101.31,8.198,4.099,Host
Tipuana tipu 2,Tipuana tipu,-109.537,10.577,5.2885,Host
Tipuana tipu 2,Tipuana tipu,-94.399,12.577,,Host
Tipuana tipu 2,Tipuana tipu,-96.226,8.895,4.4475,Host
Tipuana tipu 2,Tipuana tipu,-93.945,9.347,4.6735,Host
Tipuana tipu 2,Tipuana tipu,-93.9,7.09,3.545,Host
Tipuana tipu 2,Tipuana tipu,-94.316,8.545,4.2725,Host
Tipuana tipu 2,Tipuana tipu,-129.971,14.265,,Host
Tipuana tipu 2,Tipuana tipu,-108.435,7.118,3.559,Host
Tipuana tipu 2,Tipuana tipu,-99.462,5.868,2.934,Host
Tipuana tipu 2,Tipuana tipu,-98.13,5.684,2.842,Host
Tipuana tipu 2,Tipuana tipu,-97.496,6.162,3.081,Host
Tipuana tipu 2,Tipuana tipu,95.315,6.943,3.4715,Host
Tipuana tipu 2,Tipuana tipu,104.621,7.643,3.8215,Host
Tipuana tipu 3,Tipuana tipu,-114.567,6.187,3.0935,Host
Tipuana tipu 3,Tipuana tipu,-177.797,8.366,4.183,Host
Tipuana tipu 3,Tipuana tipu,180,6.752,3.376,Host
Tipuana tipu 3,Tipuana tipu,20.41,7.376,3.688,Host
Tipuana tipu 3,Tipuana tipu,-74.219,7.685,3.8425,Host
Tipuana tipu 3,Tipuana tipu,15.524,6.007,3.0035,Host
Tipuana tipu 3,Tipuana tipu,15.018,6.825,3.4125,Host
Tipuana tipu 3,Tipuana tipu,8.973,6.185,3.0925,Host
Tipuana tipu 3,Tipuana tipu,79.919,7.348,3.674,Host
Tipuana tipu 3,Tipuana tipu,81.87,7.958,3.979,Host
Tipuana tipu 3,Tipuana tipu,-5.315,6.943,3.4715,Host
Tipuana tipu 3,Tipuana tipu,-7.595,7.299,3.6495,Host
Tipuana tipu 3,Tipuana tipu,-87.955,4.504,2.252,Host
Tipuana tipu 3,Tipuana tipu,163.74,8.039,4.0195,Host
Tipuana tipu 3,Tipuana tipu,50.194,8.79,4.395,Host
Tipuana tipu 3,Tipuana tipu,34.875,6.467,3.2335,Host
Tipuana tipu 3,Tipuana tipu,-88.755,7.397,3.6985,Host
Tipuana tipu 3,Tipuana tipu,171.119,5.207,2.6035,Host
Tipuana tipu 3,Tipuana tipu,-39.289,4.57,2.285,Host
Tipuana tipu 3,Tipuana tipu,65.298,8.848,4.424,Host
Tipuana tipu 3,Tipuana tipu,-142.374,9.744,4.872,Host
Tipuana tipu 3,Tipuana tipu,-6.34,5.823,2.9115,Host
Tipuana tipu 3,Tipuana tipu,12.011,7.725,3.8625,Host
Tipuana tipu 3,Tipuana tipu,-110.854,10.839,5.4195,Host
Tipuana tipu 3,Tipuana tipu,38.853,7.432,3.716,Host
Tipuana tipu 3,Tipuana tipu,61.189,7.339,3.6695,Host
Tipuana tipu 3,Tipuana tipu,59.3,5.983,2.9915,Host
Tipuana tipu 3,Tipuana tipu,54.246,4.953,2.4765,Host
Tipuana tipu 3,Tipuana tipu,63.435,6.471,3.2355,Host
Tipuana tipu 3,Tipuana tipu,41.878,6.262,3.131,Host
Viscum album 1,Viscum album,-51.746,5.323,2.6615,Parasite
Viscum album 1,Viscum album,-21.666,6.314,3.157,Parasite
Viscum album 1,Viscum album,-79.38,3.926,1.963,Parasite
Viscum album 1,Viscum album,-143.13,4.823,2.4115,Parasite
Viscum album 1,Viscum album,-78.024,5.424,2.712,Parasite
Viscum album 1,Viscum album,-77.989,3.863,1.9315,Parasite
Viscum album 1,Viscum album,-35.707,6.336,3.168,Parasite
Viscum album 1,Viscum album,-100.46,5.313,2.6565,Parasite
Viscum album 1,Viscum album,-90,5.064,2.532,Parasite
Viscum album 1,Viscum album,9.752,5.22,2.61,Parasite
Viscum album 1,Viscum album,-79.875,4.573,2.2865,Parasite
Viscum album 1,Viscum album,-96.981,3.968,1.984,Parasite
Viscum album 1,Viscum album,-108.726,5.008,2.504,Parasite
Viscum album 1,Viscum album,-71.03,5.44,2.72,Parasite
Viscum album 1,Viscum album,-47.779,5.862,2.931,Parasite
Viscum album 1,Viscum album,-68.962,8.957,,Parasite
Viscum album 1,Viscum album,-37.747,6.303,3.1515,Parasite
Viscum album 1,Viscum album,58.57,5.087,2.5435,Parasite
Viscum album 1,Viscum album,129.472,5.311,2.6555,Parasite
Viscum album 1,Viscum album,131.186,6.836,3.418,Parasite
Viscum album 1,Viscum album,130.601,5.929,2.9645,Parasite
Viscum album 1,Viscum album,130.156,6.731,3.3655,Parasite
Viscum album 1,Viscum album,130.179,9.469,,Parasite
Viscum album 1,Viscum album,-45,5.457,2.7285,Parasite
Viscum album 1,Viscum album,90,5.949,2.9745,Parasite
Viscum album 1,Viscum album,136.273,5.117,2.5585,Parasite
Viscum album 1,Viscum album,128.66,4.118,2.059,Parasite
Viscum album 1,Viscum album,-175.101,5.648,2.824,Parasite
Viscum album 1,Viscum album,-39.094,6.629,3.3145,Parasite
Viscum album 1,Viscum album,-39.806,7.534,3.767,Parasite
Viscum album 2,Viscum album,-91.909,4.826,2.413,Parasite
Viscum album 2,Viscum album,-97.306,6.321,3.1605,Parasite
Viscum album 2,Viscum album,-98.13,5.684,2.842,Parasite
Viscum album 2,Viscum album,-14.826,5.655,2.8275,Parasite
Viscum album 2,Viscum album,-102.804,3.627,1.8135,Parasite
Viscum album 2,Viscum album,-95.042,5.487,2.7435,Parasite
Viscum album 2,Viscum album,-93.814,4.834,2.417,Parasite
Viscum album 2,Viscum album,-104.281,4.562,2.281,Parasite
Viscum album 2,Viscum album,-92.961,4.669,2.3345,Parasite
Viscum album 2,Viscum album,-92.726,5.07,2.535,Parasite
Viscum album 2,Viscum album,-102.804,7.254,3.627,Parasite
Viscum album 2,Viscum album,-111.161,5.344,2.672,Parasite
Viscum album 2,Viscum album,-99.462,5.868,2.934,Parasite
Viscum album 2,Viscum album,-93.9,7.09,3.545,Parasite
Viscum album 2,Viscum album,-94.514,6.128,3.064,Parasite
Viscum album 2,Viscum album,85.03,3.712,1.856,Parasite
Viscum album 2,Viscum album,73.664,4.859,2.4295,Parasite
Viscum album 2,Viscum album,162.031,3.127,1.5635,Parasite
Viscum album 2,Viscum album,57.995,3.033,1.5165,Parasite
Viscum album 2,Viscum album,79.114,4.257,2.1285,Parasite
Viscum album 2,Viscum album,146.041,4.749,2.3745,Parasite
Viscum album 2,Viscum album,-112.249,5.732,2.866,Parasite
Viscum album 2,Viscum album,-8.13,3.41,1.705,Parasite
Viscum album 2,Viscum album,71.259,4.754,2.377,Parasite
Viscum album 2,Viscum album,-35.311,4.728,2.364,Parasite
Viscum album 2,Viscum album,-99.951,4.652,2.326,Parasite
Viscum album 2,Viscum album,19.799,6.408,3.204,Parasite
Viscum album 2,Viscum album,75.964,2.652,1.326,Parasite
Viscum album 2,Viscum album,70.641,3.153,1.5765,Parasite
Viscum album 2,Viscum album,-2.911,4.749,2.3745,Parasite
Viscum album 3,Viscum album,-74.745,7.332,3.666,Parasite
Viscum album 3,Viscum album,2.862,6.439,3.2195,Parasite
Viscum album 3,Viscum album,-88.315,5.469,2.7345,Parasite
Viscum album 3,Viscum album,-88.409,5.79,2.895,Parasite
Viscum album 3,Viscum album,-1.397,6.594,3.297,Parasite
Viscum album 3,Viscum album,-99.211,6.026,3.013,Parasite
Viscum album 3,Viscum album,-92.121,4.344,2.172,Parasite
Viscum album 3,Viscum album,-90,7.556,3.778,Parasite
Viscum album 3,Viscum album,-90,3.215,1.6075,Parasite
Viscum album 3,Viscum album,-3.27,5.636,2.818,Parasite
Viscum album 3,Viscum album,-76.504,8.267,4.1335,Parasite
Viscum album 3,Viscum album,-90,5.145,2.5725,Parasite
Viscum album 3,Viscum album,-14.036,7.955,3.9775,Parasite
Viscum album 3,Viscum album,-88.315,5.469,2.7345,Parasite
Viscum album 3,Viscum album,0,7.235,3.6175,Parasite
Viscum album 3,Viscum album,-85.486,6.128,3.064,Parasite
Viscum album 3,Viscum album,-87.207,6.599,3.2995,Parasite
Viscum album 3,Viscum album,0,8.199,4.0995,Parasite
Viscum album 3,Viscum album,-84.144,6.303,3.1515,Parasite
Viscum album 3,Viscum album,-101.592,6.401,3.2005,Parasite
Viscum album 3,Viscum album,-90,5.145,2.5725,Parasite
Viscum album 3,Viscum album,-83.83,5.983,2.9915,Parasite
Viscum album 3,Viscum album,-88.877,8.201,4.1005,Parasite
Viscum album 3,Viscum album,-101.634,5.581,2.7905,Parasite
Viscum album 3,Viscum album,-21.125,7.584,3.792,Parasite
Viscum album 3,Viscum album,-96.34,5.823,2.9115,Parasite
Viscum album 3,Viscum album,-96.52,5.664,2.832,Parasite
Viscum album 3,Viscum album,-131.309,7.063,3.5315,Parasite
Viscum album 3,Viscum album,36.158,5.177,2.5885,Parasite
Viscum album 3,Viscum album,-50.389,6.052,3.026,Parasite
Vochysia thyrsoidea 1,Vochysia thyrsoidea,24.444,5.828,2.914,Host
Vochysia thyrsoidea 1,Vochysia thyrsoidea,12.095,6.906,3.453,Host
Vochysia thyrsoidea 1,Vochysia thyrsoidea,-137.045,6.37,3.185,Host
Vochysia thyrsoidea 1,Vochysia thyrsoidea,-146.31,5.217,2.6085,Host
Vochysia thyrsoidea 1,Vochysia thyrsoidea,23.385,6.481,3.2405,Host
Vochysia thyrsoidea 1,Vochysia thyrsoidea,-173.706,10.999,,Host
Vochysia thyrsoidea 1,Vochysia thyrsoidea,-127.405,6.881,3.4405,Host
Vochysia thyrsoidea 1,Vochysia thyrsoidea,-45,9.322,4.661,Host
Vochysia thyrsoidea 1,Vochysia thyrsoidea,-146.997,9.298,4.649,Host
Vochysia thyrsoidea 1,Vochysia thyrsoidea,25.017,6.653,3.3265,Host
Vochysia thyrsoidea 1,Vochysia thyrsoidea,28.264,8.488,4.244,Host
Vochysia thyrsoidea 1,Vochysia thyrsoidea,-132.479,9.047,4.5235,Host
Vochysia thyrsoidea 1,Vochysia thyrsoidea,-36.367,10.981,,Host
Vochysia thyrsoidea 1,Vochysia thyrsoidea,-123.591,8.621,4.3105,Host
Vochysia thyrsoidea 1,Vochysia thyrsoidea,-117.878,8.366,4.183,Host
Vochysia thyrsoidea 1,Vochysia thyrsoidea,-120.054,9.844,4.922,Host
Vochysia thyrsoidea 1,Vochysia thyrsoidea,-86.576,6.281,3.1405,Host
Vochysia thyrsoidea 1,Vochysia thyrsoidea,-116.135,12.774,,Host
Vochysia thyrsoidea 1,Vochysia thyrsoidea,-59.29,8.29,4.145,Host
Vochysia thyrsoidea 1,Vochysia thyrsoidea,-98.236,6.173,3.0865,Host
Vochysia thyrsoidea 1,Vochysia thyrsoidea,-114.842,7.175,3.5875,Host
Vochysia thyrsoidea 1,Vochysia thyrsoidea,-109.263,7.919,3.9595,Host
Vochysia thyrsoidea 1,Vochysia thyrsoidea,-133.868,9.589,4.7945,Host
Vochysia thyrsoidea 1,Vochysia thyrsoidea,-139.434,6.984,3.492,Host
Vochysia thyrsoidea 1,Vochysia thyrsoidea,-137.045,9.555,4.7775,Host
Vochysia thyrsoidea 1,Vochysia thyrsoidea,-142.394,7.509,3.7545,Host
Vochysia thyrsoidea 1,Vochysia thyrsoidea,-146.31,5.507,2.7535,Host
Vochysia thyrsoidea 1,Vochysia thyrsoidea,-154.231,5.177,2.5885,Host
Vochysia thyrsoidea 1,Vochysia thyrsoidea,-149.954,6.315,3.1575,Host
Vochysia thyrsoidea 1,Vochysia thyrsoidea,-149.482,5.91,2.955,Host
Vochysia thyrsoidea 2,Vochysia thyrsoidea,-115.115,5.682,2.841,Host
Vochysia thyrsoidea 2,Vochysia thyrsoidea,-111.571,7.434,3.717,Host
Vochysia thyrsoidea 2,Vochysia thyrsoidea,-44.542,7.105,3.5525,Host
Vochysia thyrsoidea 2,Vochysia thyrsoidea,-105.732,5.93,2.965,Host
Vochysia thyrsoidea 2,Vochysia thyrsoidea,-108.687,5.77,2.885,Host
Vochysia thyrsoidea 2,Vochysia thyrsoidea,-157.479,7.136,3.568,Host
Vochysia thyrsoidea 2,Vochysia thyrsoidea,-97.431,7.458,3.729,Host
Vochysia thyrsoidea 2,Vochysia thyrsoidea,-92.42,5.712,2.856,Host
Vochysia thyrsoidea 2,Vochysia thyrsoidea,-104.444,5.479,2.7395,Host
Vochysia thyrsoidea 2,Vochysia thyrsoidea,-94.899,5.648,2.824,Host
Vochysia thyrsoidea 2,Vochysia thyrsoidea,-121.464,6.314,3.157,Host
Vochysia thyrsoidea 2,Vochysia thyrsoidea,-128.29,5.838,2.919,Host
Vochysia thyrsoidea 2,Vochysia thyrsoidea,-97.539,5.514,2.757,Host
Vochysia thyrsoidea 2,Vochysia thyrsoidea,-118.926,6.98,3.49,Host
Vochysia thyrsoidea 2,Vochysia thyrsoidea,-115.346,6.76,3.38,Host
Vochysia thyrsoidea 2,Vochysia thyrsoidea,-117.553,5.561,2.7805,Host
Vochysia thyrsoidea 2,Vochysia thyrsoidea,-93.013,6.118,3.059,Host
Vochysia thyrsoidea 2,Vochysia thyrsoidea,-106.991,6.052,3.026,Host
Vochysia thyrsoidea 2,Vochysia thyrsoidea,-93.18,5.797,2.8985,Host
Vochysia thyrsoidea 2,Vochysia thyrsoidea,-71.313,5.77,2.885,Host
Vochysia thyrsoidea 2,Vochysia thyrsoidea,-96.754,6.152,3.076,Host
Vochysia thyrsoidea 2,Vochysia thyrsoidea,-174.193,4.767,2.3835,Host
Vochysia thyrsoidea 2,Vochysia thyrsoidea,-61.975,5.646,2.823,Host
Vochysia thyrsoidea 2,Vochysia thyrsoidea,-91.998,6.917,3.4585,Host
Vochysia thyrsoidea 2,Vochysia thyrsoidea,-86.583,5.395,2.6975,Host
Vochysia thyrsoidea 2,Vochysia thyrsoidea,-71.996,6.762,3.381,Host
Vochysia thyrsoidea 2,Vochysia thyrsoidea,-79.249,6.464,3.232,Host
Vochysia thyrsoidea 2,Vochysia thyrsoidea,40.272,7.586,3.793,Host
Vochysia thyrsoidea 2,Vochysia thyrsoidea,-105.524,6.007,3.0035,Host
Vochysia thyrsoidea 2,Vochysia thyrsoidea,-115.408,7.119,3.5595,Host
Vochysia thyrsoidea 3,Vochysia thyrsoidea,-31.504,5.846,2.923,Host
Vochysia thyrsoidea 3,Vochysia thyrsoidea,-58.276,10.396,,Host
Vochysia thyrsoidea 3,Vochysia thyrsoidea,-100.784,6.874,3.437,Host
Vochysia thyrsoidea 3,Vochysia thyrsoidea,-60.018,4.826,2.413,Host
Vochysia thyrsoidea 3,Vochysia thyrsoidea,-36.87,11.254,,Host
Vochysia thyrsoidea 3,Vochysia thyrsoidea,-105.255,7.332,3.666,Host
Vochysia thyrsoidea 3,Vochysia thyrsoidea,-50.793,7.884,3.942,Host
Vochysia thyrsoidea 3,Vochysia thyrsoidea,-45,6.821,3.4105,Host
Vochysia thyrsoidea 3,Vochysia thyrsoidea,-106.39,2.849,,Host
Vochysia thyrsoidea 3,Vochysia thyrsoidea,-124.695,5.084,2.542,Host
Vochysia thyrsoidea 3,Vochysia thyrsoidea,-65.659,7.411,3.7055,Host
Vochysia thyrsoidea 3,Vochysia thyrsoidea,-67.751,7.643,3.8215,Host
Vochysia thyrsoidea 3,Vochysia thyrsoidea,-41.634,7.744,3.872,Host
Vochysia thyrsoidea 3,Vochysia thyrsoidea,-60.101,7.418,3.709,Host
Vochysia thyrsoidea 3,Vochysia thyrsoidea,-87.138,6.439,3.2195,Host
Vochysia thyrsoidea 3,Vochysia thyrsoidea,-22.62,6.27,3.135,Host
Vochysia thyrsoidea 3,Vochysia thyrsoidea,-42.879,6.143,3.0715,Host
Vochysia thyrsoidea 3,Vochysia thyrsoidea,28.072,5.466,2.733,Host
Vochysia thyrsoidea 3,Vochysia thyrsoidea,-86.424,5.155,2.5775,Host
Vochysia thyrsoidea 3,Vochysia thyrsoidea,-76.373,5.459,2.7295,Host
Vochysia thyrsoidea 3,Vochysia thyrsoidea,-85.684,8.545,4.2725,Host
Vochysia thyrsoidea 3,Vochysia thyrsoidea,-80.538,4.89,2.445,Host
Vochysia thyrsoidea 3,Vochysia thyrsoidea,-66.114,6.154,3.077,Host
Vochysia thyrsoidea 3,Vochysia thyrsoidea,-9.583,6.277,3.1385,Host
Vochysia thyrsoidea 3,Vochysia thyrsoidea,-39.417,7.596,3.798,Host
Vochysia thyrsoidea 3,Vochysia thyrsoidea,-84.611,4.279,2.1395,Host
Vochysia thyrsoidea 3,Vochysia thyrsoidea,-159.254,5.673,2.8365,Host
Vochysia thyrsoidea 3,Vochysia thyrsoidea,-80.727,5.321,2.6605,Host
Vochysia thyrsoidea 3,Vochysia thyrsoidea,-20.943,4.648,2.324,Host
Vochysia thyrsoidea 3,Vochysia thyrsoidea,-6.71,3.669,1.8345,Host
