ssp,indiv,Label,Count,Total Area,Average Size,%Area,Circ.,Solidity
Phoradendron perrotettii,Phoradendron perrotettii 1,Phoradendeon perrotettii 1 - GC4841 x10 001-1.tif,65,82177.15,1264.26,7.41,0.79,0.95
Phoradendron perrotettii,Phoradendron perrotettii 1,Phoradendeon perrotettii 1 - GC4841 x10 002-1.tif,41,59188.35,1443.62,5.33,0.81,0.96
Phoradendron perrotettii,Phoradendron perrotettii 1,Phoradendeon perrotettii 1 - GC4841 x10 003-1.tif,43,56467.54,1313.20,5.09,0.79,0.95
Phoradendron perrotettii,Phoradendron perrotettii 1,Phoradendeon perrotettii 1 - GC4841 x10 004-1.tif,52,74556.69,1433.78,6.72,0.80,0.95
Phoradendron perrotettii,Phoradendron perrotettii 1,Phoradendeon perrotettii 1 - GC4841 x10 005-1.tif,41,59949.46,1462.18,5.40,0.76,0.95
Phoradendron perrotettii,Phoradendron perrotettii 1,Phoradendeon perrotettii 1 - GC4841 x10 006-1.tif,79,85360.91,1080.52,7.69,0.80,0.95
Phoradendron perrotettii,Phoradendron perrotettii 1,Phoradendeon perrotettii 1 - GC4841 x10 007-1.tif,49,67431.46,1376.15,6.08,0.80,0.96
Phoradendron perrotettii,Phoradendron perrotettii 1,Phoradendeon perrotettii 1 - GC4841 x10 008-1.tif,50,65698.57,1313.97,5.92,0.77,0.95
Phoradendron perrotettii,Phoradendron perrotettii 1,Phoradendeon perrotettii 1 - GC4841 x10 009-1.tif,52,67954.72,1306.82,6.12,0.80,0.95
Phoradendron perrotettii,Phoradendron perrotettii 1,Phoradendeon perrotettii 1 - GC4841 x10 010-1.tif,47,73848.25,1571.24,6.65,0.80,0.96
Phoradendron perrotettii,Phoradendron perrotettii 1,Phoradendeon perrotettii 1 - GC4841 x10 011-1.tif,38,56510.01,1487.11,5.09,0.76,0.94
Phoradendron perrotettii,Phoradendron perrotettii 1,Phoradendeon perrotettii 1 - GC4841 x10 012-1.tif,65,78514.30,1207.91,7.08,0.78,0.95
Phoradendron perrotettii,Phoradendron perrotettii 2,Phoradendeon perrotettii 2 - GC4841 x10 001-Recovered-2.tif,43,53546.26,1245.26,4.70,0.80,0.95
Phoradendron perrotettii,Phoradendron perrotettii 2,Phoradendeon perrotettii 2 - GC4841 x10 002-1.tif,57,77089.77,1352.45,6.74,0.81,0.96
Phoradendron perrotettii,Phoradendron perrotettii 2,Phoradendeon perrotettii 2 - GC4841 x10 003-1.tif,53,68260.53,1287.93,5.97,0.81,0.96
Phoradendron perrotettii,Phoradendron perrotettii 2,Phoradendeon perrotettii 2 - GC4841 x10 004-1.tif,37,56012.23,1513.84,4.90,0.77,0.95
Phoradendron perrotettii,Phoradendron perrotettii 2,Phoradendeon perrotettii 2 - GC4841 x10 005-1.tif,35,54048.29,1544.24,4.73,0.76,0.95
Phoradendron perrotettii,Phoradendron perrotettii 2,Phoradendeon perrotettii 2 - GC4841 x10 006-1.tif,46,68193.42,1482.47,5.96,0.76,0.96
Phoradendron perrotettii,Phoradendron perrotettii 2,Phoradendeon perrotettii 2 - GC4841 x10 007-1.tif,45,61338.32,1363.07,5.36,0.78,0.96
Phoradendron perrotettii,Phoradendron perrotettii 2,Phoradendeon perrotettii 2 - GC4841 x10 008-1.tif,36,57913.31,1608.70,5.07,0.78,0.96
Phoradendron perrotettii,Phoradendron perrotettii 2,Phoradendeon perrotettii 2 - GC4841 x10 009-1.tif,45,74473.44,1654.97,6.51,0.79,0.96
Phoradendron perrotettii,Phoradendron perrotettii 2,Phoradendeon perrotettii 2 - GC4841 x10 011-1.tif,52,71002.57,1365.43,6.21,0.73,0.95
Phoradendron perrotettii,Phoradendron perrotettii 2,Phoradendeon perrotettii 2 - GC4841 x10 012-1.tif,41,62046.76,1513.34,5.43,0.79,0.96
Phoradendron perrotettii,Phoradendron perrotettii 3,Phoradendron Perrottettii 3- GC4841 x10 001.tif,58,90811.00,1565.71,6.81,0.69,0.92
Phoradendron perrotettii,Phoradendron perrotettii 3,Phoradendron Perrottettii 3- GC4841 x10 002.tif,50,93214.00,1864.28,6.99,0.76,0.95
Phoradendron perrotettii,Phoradendron perrotettii 3,Phoradendron Perrottettii 3- GC4841 x10 003.tif,60,117052.00,1950.87,8.78,0.72,0.94
Phoradendron perrotettii,Phoradendron perrotettii 3,Phoradendron Perrottettii 3- GC4841 x10 004.tif,57,121655.00,2134.30,9.12,0.74,0.95
Phoradendron perrotettii,Phoradendron perrotettii 3,Phoradendron Perrottettii 3- GC4841 x10 005.tif,60,127156.00,2119.27,9.54,0.72,0.94
Phoradendron perrotettii,Phoradendron perrotettii 3,Phoradendron Perrottettii 3- GC4841 x10 006.tif,61,118567.00,1943.72,8.89,0.72,0.93
Phoradendron perrotettii,Phoradendron perrotettii 3,Phoradendron Perrottettii 3- GC4841 x10 007.tif,44,68273.00,1551.66,5.12,0.72,0.94
Phoradendron perrotettii,Phoradendron perrotettii 3,Phoradendron Perrottettii 3- GC4841 x10 008.tif,43,102005.00,2372.21,7.65,0.71,0.95
Phoradendron perrotettii,Phoradendron perrotettii 3,Phoradendron Perrottettii 3- GC4841 x10 009.tif,54,103195.00,1911.02,7.74,0.75,0.95
Phoradendron perrotettii,Phoradendron perrotettii 3,Phoradendron Perrottettii 3- GC4841 x10 010.tif,57,98099.34,1721.04,8.66,0.80,0.96
Populus nigra,Populus nigra 1,Populus nigra - VSB x10 006-1.tif,202,199701.00,988.62,18.97,0.70,0.94
Populus nigra,Populus nigra 1,Populus nigra - VSB x10 007-1.tif,233,209445.33,898.91,19.90,0.72,0.94
Populus nigra,Populus nigra 1,Populus nigra - VSB x10 008-1.tif,230,181960.38,791.13,17.29,0.70,0.93
Populus nigra,Populus nigra 1,Populus nigra - VSB x10 009-1.tif,256,217512.91,849.66,20.67,0.72,0.94
Populus nigra,Populus nigra 1,Populus nigra - VSB x10 010-1.tif,198,207711.13,1049.05,19.74,0.72,0.95
Populus nigra,Populus nigra 1,Populus nigra - VSB x10 011-1.tif,248,269031.30,1084.80,25.56,0.73,0.94
Populus nigra,Populus nigra 1,Populus nigra - VSB x10 012-1.tif,281,202534.34,720.76,19.24,0.71,0.94
Populus nigra,Populus nigra 1,Populus nigra - VSB x10 013-1.tif,206,260346.02,1263.82,24.74,0.75,0.95
Populus nigra,Populus nigra 1,Populus nigra - VSB x10 014-1.tif,235,192449.27,818.93,18.29,0.69,0.93
Populus nigra,Populus nigra 1,Populus nigra - VSB x10 015-1.tif,213,242201.34,1137.10,23.01,0.70,0.94
Populus nigra,Populus nigra 1,Populus nigra - VSB x10 016.tif,226,252480.82,1117.17,21.90,0.72,0.94
Psittacanthus robustus,Psittacanthus robustus 1,Psittacanthus robustus 1 - GC 4842 x5 001.tif,99,323414.92,3266.82,7.06,0.78,0.94
Psittacanthus robustus,Psittacanthus robustus 1,Psittacanthus robustus 1 - GC 4842 x5 002.tif,82,267640.16,3263.90,5.84,0.77,0.93
Psittacanthus robustus,Psittacanthus robustus 1,Psittacanthus robustus 1 - GC 4842 x5 003.tif,91,282547.64,3104.92,6.17,0.80,0.94
Psittacanthus robustus,Psittacanthus robustus 1,Psittacanthus robustus 1 - GC 4842 x5 004.tif,79,189336.58,2396.67,4.13,0.82,0.94
Psittacanthus robustus,Psittacanthus robustus 1,Psittacanthus robustus 1 - GC 4842 x5 005.tif,86,292231.68,3398.04,6.38,0.74,0.93
Psittacanthus robustus,Psittacanthus robustus 1,Psittacanthus robustus 1 - GC 4842 x5 006.tif,132,298734.46,2263.14,6.52,0.70,0.87
Psittacanthus robustus,Psittacanthus robustus 1,Psittacanthus robustus 1 - GC 4842 x5 007.tif,80,256136.30,3201.70,5.59,0.78,0.94
Psittacanthus robustus,Psittacanthus robustus 1,Psittacanthus robustus 1 - GC 4842 x5 008.tif,72,205260.01,2850.83,4.48,0.79,0.93
Psittacanthus robustus,Psittacanthus robustus 1,Psittacanthus robustus 1 - GC 4842 x5 009.tif,92,254063.35,2761.56,5.55,0.78,0.94
Psittacanthus robustus,Psittacanthus robustus 1,Psittacanthus robustus 1 - GC 4842 x5 010.tif,107,285752.85,2670.59,6.24,0.78,0.94
Psittacanthus robustus,Psittacanthus robustus 1,Psittacanthus robustus 1 - GC 4842 x5 011.tif,94,269634.44,2868.45,5.89,0.79,0.94
Psittacanthus robustus,Psittacanthus robustus 2,Psittacanthus robustus 2 - GC4842 x5 001-1.tif,96,214447.65,2233.83,4.77,0.69,0.85
Psittacanthus robustus,Psittacanthus robustus 2,Psittacanthus robustus 2 - GC4842 x5 002-1.tif,44,142015.36,3227.62,4.93,0.79,0.94
Psittacanthus robustus,Psittacanthus robustus 2,Psittacanthus robustus 2 - GC4842 x5 003-1.tif,84,203374.14,2421.12,4.52,0.73,0.90
Psittacanthus robustus,Psittacanthus robustus 2,Psittacanthus robustus 2 - GC4842 x5 004-1.tif,79,183044.90,2317.02,4.07,0.74,0.90
Psittacanthus robustus,Psittacanthus robustus 2,Psittacanthus robustus 2 - GC4842 x5 005-1.tif,64,167583.50,2618.49,3.73,0.77,0.94
Psittacanthus robustus,Psittacanthus robustus 2,Psittacanthus robustus 2 - GC4842 x5 006-1.tif,51,153269.29,3005.28,5.41,0.75,0.92
Psittacanthus robustus,Psittacanthus robustus 2,Psittacanthus robustus 2 - GC4842 x5 007-1.tif,87,243671.79,2800.83,5.83,0.73,0.91
Psittacanthus robustus,Psittacanthus robustus 2,Psittacanthus robustus 2 - GC4842 x5 008-1.tif,113,258329.81,2286.11,7.10,0.62,0.82
Psittacanthus robustus,Psittacanthus robustus 2,Psittacanthus robustus 2 - GC4842 x5 009-1.tif,65,202104.41,3109.30,8.47,0.77,0.94
Psittacanthus robustus,Psittacanthus robustus 3,Psittacanthus robustus 2 - GC4842 x5 010-1.tif,75,163631.35,2181.75,3.80,0.81,0.94
Psittacanthus robustus,Psittacanthus robustus 3,psittacanthus robustus 3 - GC 4842 x5 001.tif,64,290096.81,4532.76,5.89,0.81,0.95
Psittacanthus robustus,Psittacanthus robustus 3,psittacanthus robustus 3 - GC 4842 x5 002.tif,79,324665.38,4109.69,6.59,0.81,0.95
Psittacanthus robustus,Psittacanthus robustus 3,psittacanthus robustus 3 - GC 4842 x5 003.tif,77,323742.87,4204.45,6.57,0.80,0.95
Psittacanthus robustus,Psittacanthus robustus 3,psittacanthus robustus 3 - GC 4842 x5 004.tif,66,277379.12,4202.71,5.63,0.76,0.93
Psittacanthus robustus,Psittacanthus robustus 3,psittacanthus robustus 3 - GC 4842 x5 005.tif,58,262969.59,4533.96,5.34,0.78,0.94
Psittacanthus robustus,Psittacanthus robustus 3,psittacanthus robustus 3 - GC 4842 x5 006.tif,67,272058.52,4060.58,5.52,0.79,0.95
Psittacanthus robustus,Psittacanthus robustus 3,psittacanthus robustus 3 - GC 4842 x5 007.tif,61,282910.77,4637.88,5.74,0.78,0.95
Psittacanthus robustus,Psittacanthus robustus 3,psittacanthus robustus 3 - GC 4842 x5 010.tif,64,283019.71,4422.18,5.74,0.77,0.95
Psittacanthus robustus,Psittacanthus robustus 3,psittacanthus robustus 3 - GC 4842 x5 011.tif,68,287230.57,4223.98,5.83,0.75,0.95
Psittacanthus robustus,Psittacanthus robustus 3,psittacanthus robustus 3 - GC 4842 x5 012.tif,83,352824.03,4250.89,7.16,0.76,0.95
Struthanthus rhynchophyllus,Struthanthus rhynchophyllus 1,Struthanthus rhynchophyllus - VSB25 x10 001-1.tif,66,67300.64,1019.71,6.00,0.81,0.95
Struthanthus rhynchophyllus,Struthanthus rhynchophyllus 1,Struthanthus rhynchophyllus - VSB25 x10 002-1.tif,66,75309.31,1141.05,6.72,0.80,0.95
Struthanthus rhynchophyllus,Struthanthus rhynchophyllus 1,Struthanthus rhynchophyllus - VSB25 x10 003-1.tif,67,70745.19,1055.90,6.31,0.84,0.96
Struthanthus rhynchophyllus,Struthanthus rhynchophyllus 1,Struthanthus rhynchophyllus - VSB25 x10 004-1.tif,78,73894.97,947.37,6.59,0.85,0.96
Struthanthus rhynchophyllus,Struthanthus rhynchophyllus 1,Struthanthus rhynchophyllus - VSB25 x10 005-1.tif,51,51613.75,1012.03,4.60,0.84,0.96
Struthanthus rhynchophyllus,Struthanthus rhynchophyllus 1,Struthanthus rhynchophyllus - VSB25 x10 006-1.tif,66,88354.39,1338.70,7.88,0.82,0.96
Struthanthus rhynchophyllus,Struthanthus rhynchophyllus 1,Struthanthus rhynchophyllus - VSB25 x10 007-1.tif,67,79630.49,1188.52,7.10,0.84,0.96
Struthanthus rhynchophyllus,Struthanthus rhynchophyllus 1,Struthanthus rhynchophyllus - VSB25 x10 008-1.tif,79,75745.08,958.80,6.76,0.82,0.96
Struthanthus rhynchophyllus,Struthanthus rhynchophyllus 1,Struthanthus rhynchophyllus - VSB25 x10 009-1.tif,73,87924.57,1204.45,7.84,0.79,0.95
Struthanthus rhynchophyllus,Struthanthus rhynchophyllus 1,Struthanthus rhynchophyllus - VSB25 x10 010-1.tif,72,64848.27,900.67,5.79,0.76,0.93
Struthanthus rhynchophyllus,Struthanthus rhynchophyllus 2,Struthanthus rhynchophyllus - VSB26 x10 001-1.tif,99,91557.69,924.83,8.17,0.80,0.94
Struthanthus rhynchophyllus,Struthanthus rhynchophyllus 2,Struthanthus rhynchophyllus - VSB26 x10 002-1.tif,122,100160.97,820.99,8.94,0.82,0.94
Struthanthus rhynchophyllus,Struthanthus rhynchophyllus 2,Struthanthus rhynchophyllus - VSB26 x10 003-1.tif,112,101091.13,902.60,9.02,0.81,0.95
Struthanthus rhynchophyllus,Struthanthus rhynchophyllus 2,Struthanthus rhynchophyllus - VSB26 x10 004-1.tif,77,90256.32,1172.16,8.05,0.77,0.94
Struthanthus rhynchophyllus,Struthanthus rhynchophyllus 2,Struthanthus rhynchophyllus - VSB26 x10 005-1.tif,84,108566.33,1292.46,9.69,0.77,0.95
Struthanthus rhynchophyllus,Struthanthus rhynchophyllus 2,Struthanthus rhynchophyllus - VSB26 x10 006-1.tif,75,78182.17,1042.43,6.98,0.82,0.95
Struthanthus rhynchophyllus,Struthanthus rhynchophyllus 2,Struthanthus rhynchophyllus - VSB26 x10 007-1.tif,103,111371.23,1081.27,9.94,0.80,0.95
Struthanthus rhynchophyllus,Struthanthus rhynchophyllus 2,Struthanthus rhynchophyllus - VSB26 x10 008-1.tif,123,99027.80,805.10,8.83,0.83,0.95
Struthanthus rhynchophyllus,Struthanthus rhynchophyllus 2,Struthanthus rhynchophyllus - VSB26 x10 009-1.tif,116,116635.31,1005.48,10.41,0.79,0.94
Struthanthus rhynchophyllus,Struthanthus rhynchophyllus 2,Struthanthus rhynchophyllus - VSB26 x10 011-1.tif,59,55967.21,948.60,4.99,0.77,0.93
Struthanthus rhynchophyllus,Struthanthus rhynchophyllus 3,Struthanthus rhynchophyllus - VSB27 x10 001-1.tif,43,39589.71,920.69,3.53,0.76,0.94
Struthanthus rhynchophyllus,Struthanthus rhynchophyllus 3,Struthanthus rhynchophyllus - VSB27 x10 002-1.tif,37,27659.96,747.57,2.47,0.74,0.92
Struthanthus rhynchophyllus,Struthanthus rhynchophyllus 3,Struthanthus rhynchophyllus - VSB27 x10 003-1.tif,57,56291.70,987.57,5.02,0.76,0.94
Struthanthus rhynchophyllus,Struthanthus rhynchophyllus 3,Struthanthus rhynchophyllus - VSB27 x10 004-1.tif,55,49392.43,898.04,4.41,0.63,0.91
Struthanthus rhynchophyllus,Struthanthus rhynchophyllus 3,Struthanthus rhynchophyllus - VSB27 x10 005-1.tif,62,66811.36,1077.60,5.96,0.76,0.94
Struthanthus rhynchophyllus,Struthanthus rhynchophyllus 3,Struthanthus rhynchophyllus - VSB27 x10 006-1.tif,74,60634.12,819.38,5.41,0.68,0.91
Struthanthus rhynchophyllus,Struthanthus rhynchophyllus 3,Struthanthus rhynchophyllus - VSB27 x10 007-1.tif,68,68776.15,1011.41,6.14,0.73,0.94
Struthanthus rhynchophyllus,Struthanthus rhynchophyllus 3,Struthanthus rhynchophyllus - VSB27 x10 008-1.tif,78,78352.91,1004.52,6.99,0.75,0.95
Struthanthus rhynchophyllus,Struthanthus rhynchophyllus 3,Struthanthus rhynchophyllus - VSB27 x10 009-1.tif,51,45013.49,882.62,4.02,0.78,0.94
Struthanthus rhynchophyllus,Struthanthus rhynchophyllus 3,Struthanthus rhynchophyllus - VSB27 x10 010-1.tif,79,70710.36,895.07,6.31,0.81,0.95
Tapirira guianensis,Tapirira guianensis 2,Tapirira guianensis 2 - GC4841 x10 002.tif,171,205702.39,1202.94,18.06,0.76,0.94
Tapirira guianensis,Tapirira guianensis 2,Tapirira guianensis 2 - GC4841 x10 003.tif,83,119319.59,1437.59,10.48,0.79,0.94
Tapirira guianensis,Tapirira guianensis 2,Tapirira guianensis 2 - GC4841 x10 004.tif,104,122837.18,1181.13,10.79,0.79,0.94
Tapirira guianensis,Tapirira guianensis 2,Tapirira guianensis 2 - GC4841 x10 005.tif,112,162885.60,1454.34,14.30,0.77,0.94
Tapirira guianensis,Tapirira guianensis 2,Tapirira guianensis 2 - GC4841 x10 006.tif,96,136408.08,1420.92,11.98,0.76,0.94
Tapirira guianensis,Tapirira guianensis 2,Tapirira guianensis 2 - GC4841 x10 007.tif,47,38079.18,810.20,13.61,0.75,0.96
Tapirira guianensis,Tapirira guianensis 2,Tapirira guianensis 2 - GC4841 x10 008.tif,79,114340.93,1447.35,10.25,0.77,0.94
Tapirira guianensis,Tapirira guianensis 2,Tapirira guianensis 2 - GC4841 x10 009.tif,139,168824.14,1214.56,15.13,0.73,0.93
Tapirira guianensis,Tapirira guianensis 2,Tapirira guianensis 2 - GC4841 x10 010.tif,163,192489.12,1180.92,17.25,0.73,0.93
Tapirira guianensis,Tapirira guianensis 2,Tapirira guianensis 2 - GC4841 x10 011.tif,73,210385.44,2881.99,18.86,0.76,0.95
Tapirira guianensis,Tapirira guianensis 3,Tapirira guianensis 3 - GC4841 x5 001-1.tif,188,569874.38,3031.25,17.00,0.81,0.94
Tapirira guianensis,Tapirira guianensis 3,Tapirira guianensis 3 - GC4841 x5 003-1.tif,184,548525.62,2981.12,16.36,0.81,0.95
Tapirira guianensis,Tapirira guianensis 3,Tapirira guianensis 3 - GC4841 x5 004-1.tif,178,563404.96,3165.20,16.80,0.80,0.94
Tapirira guianensis,Tapirira guianensis 3,Tapirira guianensis 3 - GC4841 x5 005-1.tif,170,603738.84,3551.41,18.01,0.78,0.93
Tapirira guianensis,Tapirira guianensis 3,Tapirira guianensis 3 - GC4841 x5 006-1.tif,159,476647.93,2997.79,14.22,0.81,0.94
Tapirira guianensis,Tapirira guianensis 3,Tapirira guianensis 3 - GC4841 x5 007-1.tif,181,543008.26,3000.05,16.19,0.80,0.94
Tapirira guianensis,Tapirira guianensis 3,Tapirira guianensis 3 - GC4841 x5 008-1.tif,193,706657.85,3661.44,21.08,0.80,0.94
Tapirira guianensis,Tapirira guianensis 3,Tapirira guianensis 3 - GC4841 x5 009-1.tif,191,647887.60,3392.08,19.32,0.81,0.94
Tapirira guianensis,Tapirira guianensis 3,Tapirira guianensis 3 - GC4841 x5 010-1.tif,180,694733.89,3859.63,20.72,0.80,0.94
Tapirira guianensis,Tapirira guianensis 3,Tapirira guianensis 3 - GC4841 x5 011-1.tif,166,688442.98,4147.25,20.53,0.80,0.94
Tapirira guianensis,Tapirira guianensis 1,Tapirira guianensis1 - GC4841 x5 002-2.tif,132,611956.42,4636.03,17.99,0.76,0.93
Tapirira guianensis,Tapirira guianensis 1,Tapirira guianensis1 - GC4841 x5 003-1.tif,108,411497.54,3810.16,12.09,0.77,0.94
Tapirira guianensis,Tapirira guianensis 1,Tapirira guianensis1 - GC4841 x5 004-1.tif,118,412094.62,3492.33,12.11,0.78,0.93
Tapirira guianensis,Tapirira guianensis 1,Tapirira guianensis1 - GC4841 x5 005-1.tif,173,661849.75,3825.72,19.45,0.74,0.93
Tapirira guianensis,Tapirira guianensis 1,Tapirira guianensis1 - GC4841 x5 006-1.tif,164,595747.96,3632.61,17.51,0.76,0.93
Tapirira guianensis,Tapirira guianensis 1,Tapirira guianensis1 - GC4841 x5 007-1.tif,167,559748.56,3351.79,16.45,0.77,0.93
Tapirira guianensis,Tapirira guianensis 1,Tapirira guianensis1 - GC4841 x5 008-1.tif,155,576228.72,3717.61,16.94,0.76,0.93
Tapirira guianensis,Tapirira guianensis 1,Tapirira guianensis1 - GC4841 x5 009-1.tif,120,472960.19,3941.34,13.90,0.76,0.94
Tapirira guianensis,Tapirira guianensis 1,Tapirira guianensis1 - GC4841 x5 010-1.tif,118,458402.10,3884.76,13.47,0.78,0.93
Tapirira guianensis,Tapirira guianensis 1,Tapirira guianensis1 - GC4841 x5 011-1.tif,114,427706.00,3751.81,12.57,0.78,0.94
Tipuana tipu,Tipuana tipu 1,Tipuana tipu - VSB25 x10 001-1.tif,48,93833.21,1954.86,10.69,0.51,0.88
Tipuana tipu,Tipuana tipu 1,Tipuana tipu - VSB25 x10 002-1.tif,44,106625.42,2423.31,12.15,0.50,0.89
Tipuana tipu,Tipuana tipu 1,Tipuana tipu - VSB25 x10 003-1.tif,38,154256.79,4059.39,17.58,0.46,0.88
Tipuana tipu,Tipuana tipu 1,Tipuana tipu - VSB25 x10 004-1.tif,29,126957.27,4377.84,14.47,0.57,0.90
Tipuana tipu,Tipuana tipu 1,Tipuana tipu - VSB25 x10 005-1.tif,30,140875.28,4695.84,16.05,0.55,0.92
Tipuana tipu,Tipuana tipu 1,Tipuana tipu - VSB25 x10 006-1.tif,36,98506.87,2736.30,11.22,0.63,0.91
Tipuana tipu,Tipuana tipu 1,Tipuana tipu - VSB25 x10 007-1.tif,24,97374.15,4057.26,11.09,0.52,0.91
Tipuana tipu,Tipuana tipu 1,Tipuana tipu - VSB25 x10 008-1.tif,36,132833.75,3689.83,15.13,0.44,0.88
Tipuana tipu,Tipuana tipu 1,Tipuana tipu - VSB25 x10 009-1.tif,35,120725.15,3449.29,13.76,0.51,0.89
Tipuana tipu,Tipuana tipu 1,Tipuana tipu - VSB25 x10 010-1.tif,62,128589.29,2074.02,14.65,0.53,0.88
Tipuana tipu,Tipuana tipu 2,Tipuana tipu - VSB26 x10 001-1.tif,25,210127.85,8405.11,23.94,0.75,0.97
Tipuana tipu,Tipuana tipu 2,Tipuana tipu - VSB26 x10 002-1.tif,58,179591.13,3096.40,20.46,0.73,0.95
Tipuana tipu,Tipuana tipu 2,Tipuana tipu - VSB26 x10 003-1.tif,43,252327.53,5868.08,28.75,0.74,0.96
Tipuana tipu,Tipuana tipu 2,Tipuana tipu - VSB26 x10 004-1.tif,40,275180.96,6879.52,31.35,0.72,0.96
Tipuana tipu,Tipuana tipu 2,Tipuana tipu - VSB26 x10 005-1.tif,40,232644.67,5816.12,26.51,0.70,0.94
Tipuana tipu,Tipuana tipu 2,Tipuana tipu - VSB26 x10 006-1.tif,38,234163.33,6162.19,26.68,0.73,0.96
Tipuana tipu,Tipuana tipu 2,Tipuana tipu - VSB26 x10 007-1.tif,27,173560.63,6428.17,19.77,0.69,0.95
Tipuana tipu,Tipuana tipu 2,Tipuana tipu - VSB26 x10 009-1.tif,35,224220.66,6406.31,25.55,0.76,0.96
Tipuana tipu,Tipuana tipu 2,Tipuana tipu - VSB26 x10 010-1.tif,26,236330.99,9089.65,26.93,0.73,0.96
Tipuana tipu,Tipuana tipu 2,Tipuana tipu - VSB26 x10 011-1.tif,23,187427.58,8149.03,21.35,0.71,0.97
Tipuana tipu,Tipuana tipu 3,Tipuana tipu - VSB27 x10 001-1.tif,21,77135.75,3673.13,8.79,0.75,0.96
Tipuana tipu,Tipuana tipu 3,Tipuana tipu - VSB27 x10 002-1.tif,22,79089.67,3594.99,9.01,0.77,0.96
Tipuana tipu,Tipuana tipu 3,Tipuana tipu - VSB27 x10 003-1.tif,23,70395.67,3060.68,8.02,0.73,0.94
Tipuana tipu,Tipuana tipu 3,Tipuana tipu - VSB27 x10 004-1.tif,22,81632.02,3710.55,9.30,0.70,0.94
Tipuana tipu,Tipuana tipu 3,Tipuana tipu - VSB27 x10 005-1.tif,89,70862.09,796.20,8.07,0.50,0.81
Tipuana tipu,Tipuana tipu 3,Tipuana tipu - VSB27 x10 006-1.tif,30,143674.63,4789.15,16.37,0.80,0.97
Tipuana tipu,Tipuana tipu 3,Tipuana tipu - VSB27 x10 007-1.tif,17,72529.58,4266.45,8.26,0.71,0.95
Tipuana tipu,Tipuana tipu 3,Tipuana tipu - VSB27 x10 008-1.tif,18,119509.36,6639.41,13.62,0.69,0.96
Tipuana tipu,Tipuana tipu 3,Tipuana tipu - VSB27 x10 009-1.tif,49,131383.45,2681.30,14.97,0.60,0.87
Tipuana tipu,Tipuana tipu 3,Tipuana tipu - VSB27 x10 010-1.tif,15,61815.90,4121.06,7.04,0.69,0.93
Tipuana tipu,Tipuana tipu 3,Tipuana tipu - VSB27 x10 010-1.tif,14,61170.36,4369.31,6.97,0.73,0.95
Viscum album,Viscum album 1,Viscum album 1 - VSB30 x10 001-1.tif,132,34340.08,260.15,4.36,0.88,0.94
Viscum album,Viscum album 1,Viscum album 1 - VSB30 x10 002-1.tif,72,20098.11,279.14,2.55,0.91,0.95
Viscum album,Viscum album 1,Viscum album 1 - VSB30 x10 003-1.tif,94,21659.41,230.42,2.75,0.88,0.93
Viscum album,Viscum album 1,Viscum album 1 - VSB30 x10 004-1.tif,164,40081.55,244.40,5.09,0.84,0.93
Viscum album,Viscum album 1,Viscum album 1 - VSB30 x10 005-1.tif,118,27982.76,237.14,3.55,0.85,0.92
Viscum album,Viscum album 1,Viscum album 1 - VSB30 x10 006-1.tif,150,29476.10,196.51,3.74,0.87,0.93
Viscum album,Viscum album 1,Viscum album 1 - VSB30 x10 007-1.tif,134,32111.11,239.64,4.08,0.89,0.93
Viscum album,Viscum album 1,Viscum album 1 - VSB30 x10 008-1.tif,150,36642.10,244.28,4.65,0.87,0.93
Viscum album,Viscum album 1,Viscum album 1 - VSB30 x10 009-1.tif,108,25381.72,235.02,3.22,0.88,0.93
Viscum album,Viscum album 1,Viscum album 1 - VSB30 x10 010-1.tif,119,29042.03,244.05,3.69,0.88,0.93
Viscum album,Viscum album 1,Viscum album 1 - VSB30 x10 011-1.tif,110,27847.69,253.16,3.54,0.87,0.93
Viscum album,Viscum album 2,Viscum album 2 - VSB30 x10 001-1.tif,119,30883.65,259.53,4.05,0.83,0.93
Viscum album,Viscum album 2,Viscum album 2 - VSB30 x10 002-1.tif,141,37745.55,267.70,4.95,0.85,0.93
Viscum album,Viscum album 2,Viscum album 2 - VSB30 x10 003-1.tif,132,37527.24,284.30,4.92,0.84,0.93
Viscum album,Viscum album 2,Viscum album 2 - VSB30 x10 004-1.tif,126,36320.16,288.26,4.76,0.80,0.92
Viscum album,Viscum album 2,Viscum album 2 - VSB30 x10 005-1.tif,115,27755.95,241.36,3.64,0.82,0.92
Viscum album,Viscum album 2,Viscum album 2 - VSB30 x10 006-1.tif,77,20791.27,270.02,2.73,0.83,0.93
Viscum album,Viscum album 2,Viscum album 2 - VSB30 x10 007-1.tif,105,33390.39,318.00,4.38,0.85,0.94
Viscum album,Viscum album 2,Viscum album 2 - VSB30 x10 008-1.tif,134,42381.87,316.28,5.56,0.85,0.94
Viscum album,Viscum album 2,Viscum album 2 - VSB30 x10 009-1.tif,138,40730.53,295.15,5.34,0.85,0.93
Viscum album,Viscum album 2,Viscum album 2 - VSB30 x10 010-1.tif,112,28606.26,255.41,3.75,0.86,0.93
Viscum album,Viscum album 3,Viscum album 3 - VSB30 x10 001.tif,146,38863.43,266.19,3.47,0.88,0.93
Viscum album,Viscum album 3,Viscum album 3 - VSB30 x10 002.tif,204,50083.88,245.51,4.48,0.85,0.93
Viscum album,Viscum album 3,Viscum album 3 - VSB30 x10 003.tif,203,50598.65,249.25,4.52,0.86,0.93
Viscum album,Viscum album 3,Viscum album 3 - VSB30 x10 004.tif,167,35539.51,212.81,3.18,0.85,0.92
Viscum album,Viscum album 3,Viscum album 3 - VSB30 x10 005.tif,174,38112.51,219.04,3.41,0.83,0.91
Viscum album,Viscum album 3,Viscum album 3 - VSB30 x10 006.tif,151,31761.98,210.34,2.84,0.86,0.92
Viscum album,Viscum album 3,Viscum album 3 - VSB30 x10 007.tif,174,38917.79,223.67,3.48,0.86,0.92
Viscum album,Viscum album 3,Viscum album 3 - VSB30 x10 008.tif,229,58185.99,254.09,5.20,0.89,0.94
Viscum album,Viscum album 3,Viscum album 3 - VSB30 x10 009.tif,197,45445.86,230.69,4.18,0.90,0.94
Viscum album,Viscum album 3,Viscum album 3 - VSB30 x10 010.tif,208,46341.18,222.79,4.19,0.89,0.93
Vochysia thyrsoidea,Vochysia thyrsoidea 1,Vochysia thyrsoidea 1 - GC 4842 x5 001-1.tif,73,455336.18,6237.48,10.34,0.76,0.94
Vochysia thyrsoidea,Vochysia thyrsoidea 1,Vochysia thyrsoidea 1 - GC 4842 x5 002-1.tif,67,452981.39,6760.92,10.29,0.76,0.95
Vochysia thyrsoidea,Vochysia thyrsoidea 1,Vochysia thyrsoidea 1 - GC 4842 x5 003-1.tif,75,410437.55,5472.50,9.32,0.65,0.88
Vochysia thyrsoidea,Vochysia thyrsoidea 1,Vochysia thyrsoidea 1 - GC 4842 x5 004-1.tif,84,523792.75,6235.63,11.89,0.72,0.94
Vochysia thyrsoidea,Vochysia thyrsoidea 1,Vochysia thyrsoidea 1 - GC 4842 x5 005-1.tif,99,573511.65,5793.05,13.02,0.69,0.92
Vochysia thyrsoidea,Vochysia thyrsoidea 1,Vochysia thyrsoidea 1 - GC 4842 x5 006-1.tif,100,497131.99,4971.32,11.29,0.75,0.94
Vochysia thyrsoidea,Vochysia thyrsoidea 1,Vochysia thyrsoidea 1 - GC 4842 x5 007-1.tif,76,372962.20,4907.40,8.47,0.74,0.94
Vochysia thyrsoidea,Vochysia thyrsoidea 1,Vochysia thyrsoidea 1 - GC 4842 x5 008-1.tif,70,403577.80,5765.40,9.16,0.75,0.94
Vochysia thyrsoidea,Vochysia thyrsoidea 1,Vochysia thyrsoidea 1 - GC 4842 x5 009-1.tif,69,423120.53,6132.18,9.61,0.77,0.95
Vochysia thyrsoidea,Vochysia thyrsoidea 1,Vochysia thyrsoidea 1 - GC 4842 x5 010-1.tif,75,389026.42,5187.02,8.83,0.74,0.94
Vochysia thyrsoidea,Vochysia thyrsoidea 1,Vochysia thyrsoidea 1 - GC 4842 x5 011-1.tif,84,331867.46,3950.80,7.54,0.76,0.94
Vochysia thyrsoidea,Vochysia thyrsoidea 2,Vochysia thyrsoidea 2- GC 4842 x5 001-1.tif,73,396915.97,5437.21,9.01,0.74,0.94
Vochysia thyrsoidea,Vochysia thyrsoidea 2,Vochysia thyrsoidea 2- GC 4842 x5 002-1.tif,81,353322.20,4362.00,8.02,0.72,0.93
Vochysia thyrsoidea,Vochysia thyrsoidea 2,Vochysia thyrsoidea 2- GC 4842 x5 003-1.tif,83,326614.47,3935.11,7.42,0.74,0.93
Vochysia thyrsoidea,Vochysia thyrsoidea 2,Vochysia thyrsoidea 2- GC 4842 x5 004-1.tif,37,201965.01,5458.51,4.59,0.76,0.94
Vochysia thyrsoidea,Vochysia thyrsoidea 2,Vochysia thyrsoidea 2- GC 4842 x5 005-1.tif,53,280863.83,5299.32,6.38,0.75,0.94
Vochysia thyrsoidea,Vochysia thyrsoidea 2,Vochysia thyrsoidea 2- GC 4842 x5 006-1.tif,62,323427.79,5216.58,7.34,0.74,0.93
Vochysia thyrsoidea,Vochysia thyrsoidea 2,Vochysia thyrsoidea 2- GC 4842 x5 007-1.tif,99,427061.95,4313.76,9.70,0.79,0.95
Vochysia thyrsoidea,Vochysia thyrsoidea 2,Vochysia thyrsoidea 2- GC 4842 x5 008-1.tif,40,179581.10,4489.53,4.08,0.80,0.95
Vochysia thyrsoidea,Vochysia thyrsoidea 2,Vochysia thyrsoidea 2- GC 4842 x5 009-1.tif,124,455584.40,3674.07,10.34,0.81,0.95
Vochysia thyrsoidea,Vochysia thyrsoidea 2,Vochysia thyrsoidea 2- GC 4842 x5 010-1.tif,52,228870.64,4401.36,5.20,0.72,0.91
Vochysia thyrsoidea,Vochysia thyrsoidea 3,Vochysia thyrsoidea 3 - GC4842 x10 002-1.tif,31,154657.78,4988.96,13.87,0.73,0.95
Vochysia thyrsoidea,Vochysia thyrsoidea 3,Vochysia thyrsoidea 3 - GC4842 x10 003-1.tif,28,123333.26,4404.76,11.06,0.69,0.94
Vochysia thyrsoidea,Vochysia thyrsoidea 3,Vochysia thyrsoidea 3 - GC4842 x10 004-1.tif,22,80064.56,3639.30,7.18,0.76,0.96
Vochysia thyrsoidea,Vochysia thyrsoidea 3,Vochysia thyrsoidea 3 - GC4842 x10 005-1.tif,29,66541.23,2294.53,5.97,0.77,0.95
Vochysia thyrsoidea,Vochysia thyrsoidea 3,Vochysia thyrsoidea 3 - GC4842 x10 006-1.tif,26,64938.31,2497.63,5.82,0.80,0.96
Vochysia thyrsoidea,Vochysia thyrsoidea 3,Vochysia thyrsoidea 3 - GC4842 x10 007-1.tif,11,73394.64,6672.24,6.58,0.71,0.96
Vochysia thyrsoidea,Vochysia thyrsoidea 3,Vochysia thyrsoidea 3 - GC4842 x10 008-1.tif,31,64022.60,2065.25,5.74,0.81,0.96
Vochysia thyrsoidea,Vochysia thyrsoidea 3,Vochysia thyrsoidea 3 - GC4842 x10 009-1.tif,25,90148.44,3605.94,8.08,0.74,0.96
Vochysia thyrsoidea,Vochysia thyrsoidea 3,Vochysia thyrsoidea 3 - GC4842 x10 010-1.tif,16,106931.98,6683.25,9.59,0.70,0.96
Vochysia thyrsoidea,Vochysia thyrsoidea 3,Vochysia thyrsoidea 3 - GC4842 x10 011-1.tif,18,87828.58,4879.37,7.87,0.73,0.96